make_year,mileage_kmpl,engine_cc,fuel_type,owner_count,price_usd,brand,transmission,color,service_history,accidents_reported,insurance_valid
2001,8.17,4000,Petrol,4,8587.64,Chevrolet,Manual,White,None,0,No
2014,17.59,1500,Petrol,4,5943.5,Honda,Manual,Black,None,0,Yes
2023,18.09,2500,Diesel,5,9273.58,BMW,Automatic,Black,Full,1,Yes
2009,11.28,800,Petrol,1,6836.24,Hyundai,Manual,Blue,Full,0,Yes
2005,12.23,1000,Petrol,2,4625.79,Nissan,Automatic,Red,Full,0,Yes
2002,13.77,2500,Diesel,4,6856.03,BMW,Manual,Gray,Full,1,Yes
2023,12.5,1000,Petrol,3,6806.77,BMW,Manual,Red,Full,0,Yes
2015,17.46,2000,Diesel,5,7701.84,BMW,Manual,Blue,None,0,Yes
2001,14.99,5000,Diesel,2,8730.52,Tesla,Manual,Silver,Partial,1,No
2020,19.59,4000,Petrol,4,10812.16,Chevrolet,Automatic,White,Partial,0,Yes
2013,21.25,1800,Petrol,2,10070.16,BMW,Automatic,Red,None,0,No
2017,20.91,5000,Diesel,5,9638.93,Toyota,Manual,Silver,Partial,0,Yes
2005,15.95,2500,Petrol,3,5543.9,Kia,Manual,Black,Full,1,Yes
2005,19.42,800,Petrol,4,5855.47,Hyundai,Automatic,Silver,Full,0,Yes
2018,23.18,3000,Diesel,3,9773.77,Hyundai,Automatic,Blue,Full,0,Yes
2015,20.23,4000,Diesel,5,9468.89,Kia,Manual,White,Full,1,Yes
1998,27.29,1800,Petrol,3,6491.29,Tesla,Automatic,Gray,None,2,Yes
2002,22.91,2000,Diesel,5,6202.99,Kia,Automatic,Red,Partial,1,Yes
2018,26.59,3000,Diesel,3,9921.66,Kia,Manual,Blue,Full,0,Yes
1997,5.54,1500,Diesel,2,1223.8,Chevrolet,Automatic,Black,Partial,1,Yes
2016,18.48,1000,Diesel,2,5591.11,Tesla,Automatic,Black,Full,1,Yes
2015,16.38,5000,Electric,5,13054.69,BMW,Automatic,Gray,Full,0,Yes
1996,17.38,3000,Petrol,2,5209.92,Chevrolet,Manual,White,Full,1,No
2018,13.98,1000,Petrol,3,4916.24,Tesla,Automatic,Gray,None,0,Yes
2006,19.98,1800,Petrol,3,5906.84,Kia,Manual,Gray,Full,0,Yes
2000,8.96,2000,Petrol,4,2626.29,Volkswagen,Automatic,Gray,None,0,No
1996,20.02,1800,Petrol,5,5167.78,Kia,Manual,Red,Partial,0,Yes
2022,14.14,2000,Petrol,2,7992.87,BMW,Manual,Black,Partial,1,Yes
2015,15.5,2000,Diesel,5,4481.1,Kia,Automatic,Blue,None,1,Yes
1995,20.19,1200,Petrol,2,5047.31,Honda,Manual,Black,Full,0,No
2006,18.39,1200,Diesel,4,7529.89,Tesla,Automatic,Red,None,1,Yes
2020,23.27,4000,Petrol,3,11362.28,Kia,Automatic,Silver,Full,0,Yes
2016,13.15,1200,Electric,3,8934.87,BMW,Automatic,Black,None,1,Yes
2023,17.6,1200,Diesel,1,9565.19,Chevrolet,Manual,Black,None,0,Yes
2006,22.44,1000,Diesel,5,3616.11,Tesla,Automatic,Black,None,0,Yes
2019,19.81,2500,Diesel,2,11251.36,Ford,Automatic,Silver,None,3,Yes
2011,20.13,5000,Diesel,1,10860.67,Nissan,Manual,Red,Full,0,Yes
2021,23.54,5000,Diesel,5,12256.44,Ford,Manual,Blue,None,0,Yes
2021,15.97,1500,Petrol,2,6901.08,Nissan,Automatic,Red,Full,0,Yes
2004,14.92,800,Diesel,4,1858.64,Ford,Manual,White,Partial,0,Yes
2022,20.88,2000,Petrol,5,6916.32,Ford,Manual,Gray,None,1,Yes
2022,17.25,1800,Petrol,2,8983.39,Honda,Manual,Blue,Full,0,Yes
2010,23.61,1000,Petrol,3,6654.31,Hyundai,Manual,Silver,Full,0,Yes
2009,19.85,2000,Petrol,5,6340.6,Kia,Automatic,White,None,1,Yes
2009,14.88,800,Petrol,2,3263.63,Toyota,Manual,Black,Full,0,Yes
2013,19.69,1200,Petrol,3,6564.08,Kia,Manual,Black,Full,0,Yes
2006,13.49,1500,Petrol,3,4548.99,Chevrolet,Automatic,Gray,Partial,0,No
2017,22.73,1200,Petrol,1,7396.53,Honda,Manual,Red,None,2,Yes
2014,11.01,2000,Petrol,2,6603.26,Toyota,Manual,Silver,None,0,Yes
2019,24.11,1500,Diesel,1,10558.87,Chevrolet,Automatic,Silver,Partial,0,Yes
1997,19.6,800,Petrol,1,3727.01,Kia,Automatic,Black,Partial,0,Yes
1999,17.18,1800,Electric,4,7775.41,Ford,Manual,Black,None,0,No
2013,21.82,1800,Petrol,1,9200.45,Honda,Automatic,Gray,Full,0,Yes
2001,20.56,4000,Diesel,1,10397.17,Honda,Manual,Gray,Partial,0,No
2015,24.65,3000,Petrol,4,8650.95,Honda,Manual,Gray,Full,0,Yes
2003,24.61,3000,Electric,4,9899.66,Tesla,Manual,Silver,None,0,No
2001,19.76,1800,Petrol,5,4395.65,Toyota,Manual,Silver,Partial,0,Yes
2012,13.64,3000,Diesel,1,8282.81,Ford,Manual,Red,Partial,0,Yes
1998,15.29,5000,Petrol,3,8083.56,Tesla,Manual,Black,Full,1,No
2019,17.64,2500,Diesel,4,8216.22,Kia,Manual,Silver,Partial,0,Yes
2022,23.41,800,Petrol,2,6903.49,Chevrolet,Automatic,White,Full,0,Yes
2008,15.72,2500,Diesel,5,5304.48,Honda,Automatic,White,Full,1,Yes
2012,16.14,3000,Diesel,5,6862.02,Volkswagen,Automatic,White,None,0,Yes
2020,27.24,1200,Electric,1,11413.96,Chevrolet,Manual,Blue,None,0,Yes
2003,17.48,4000,Diesel,3,8191.43,Ford,Manual,White,Full,1,Yes
2020,14.83,3000,Petrol,4,8248.22,Volkswagen,Manual,Silver,Full,1,No
2015,21.88,1000,Petrol,2,8819.21,Ford,Manual,Blue,Full,0,No
1996,17.72,2000,Diesel,1,7194.95,Nissan,Automatic,Gray,Partial,1,Yes
2014,11.05,1500,Petrol,3,5150.71,Tesla,Manual,Black,Full,0,Yes
2022,23.2,1200,Diesel,1,8327.32,Chevrolet,Automatic,Silver,Partial,1,Yes
2009,14.26,2000,Petrol,1,6737.61,Ford,Manual,White,Full,0,Yes
2022,18.22,5000,Diesel,5,12125.07,Hyundai,Manual,Gray,Full,1,No
2001,17.66,4000,Diesel,2,8567.0,Chevrolet,Manual,Gray,Partial,2,Yes
2006,19.15,1000,Petrol,2,5113.9,Ford,Manual,Black,None,1,Yes
2023,7.04,5000,Diesel,2,12985.97,Honda,Manual,Gray,None,1,Yes
2002,16.32,5000,Petrol,2,9291.24,Volkswagen,Manual,White,Partial,0,Yes
2009,23.62,5000,Petrol,4,10490.67,Honda,Automatic,Red,Full,1,Yes
1997,24.33,1800,Electric,4,6128.32,Ford,Manual,Blue,Full,0,Yes
2008,13.04,2000,Petrol,2,5764.27,Toyota,Automatic,Gray,Partial,0,Yes
2011,22.6,1500,Diesel,3,6549.19,Toyota,Manual,Black,Full,1,No
1998,14.19,2500,Diesel,4,4597.91,Toyota,Manual,White,Full,0,No
2012,16.13,1000,Diesel,4,5888.31,Nissan,Manual,Red,None,1,Yes
2002,16.39,2500,Petrol,3,5042.59,Ford,Manual,Blue,Full,0,Yes
1998,18.54,1000,Diesel,2,2193.27,Kia,Automatic,White,None,1,Yes
1996,23.01,800,Petrol,1,4351.08,Nissan,Automatic,Silver,Full,0,Yes
2000,19.32,1800,Petrol,4,4234.82,Ford,Automatic,Red,Full,1,Yes
2016,17.37,1000,Electric,1,10738.88,BMW,Manual,Black,Partial,1,Yes
2004,22.84,3000,Petrol,1,8821.93,Honda,Automatic,White,Full,0,Yes
1998,13.99,3000,Diesel,3,7058.39,Chevrolet,Manual,Black,None,1,No
2016,17.61,800,Petrol,2,5974.08,BMW,Manual,Silver,Partial,0,Yes
2023,22.98,1500,Petrol,1,8841.47,Toyota,Automatic,Black,Partial,0,Yes
2012,20.65,4000,Petrol,2,11386.9,BMW,Automatic,Red,Partial,0,No
2020,15.67,1800,Petrol,5,6962.45,BMW,Manual,Blue,None,1,Yes
2006,10.44,5000,Petrol,2,9338.5,Ford,Manual,White,None,0,Yes
1996,19.55,2000,Petrol,3,5190.94,Tesla,Manual,Gray,Full,0,Yes
2004,10.11,1200,Diesel,3,3953.91,Chevrolet,Manual,Blue,None,0,Yes
1998,16.94,1800,Petrol,5,3280.74,Nissan,Automatic,White,Partial,0,Yes
2008,23.89,800,Petrol,3,6286.89,Nissan,Manual,Black,Partial,1,Yes
2010,20.98,3000,Petrol,2,10376.58,Ford,Automatic,Black,Full,0,Yes
2009,7.88,2000,Diesel,2,5115.91,BMW,Manual,Red,Full,1,Yes
2002,19.0,1000,Petrol,2,4968.68,Tesla,Automatic,Black,Partial,1,Yes
2008,16.4,1500,Electric,3,8391.33,Nissan,Manual,Silver,Full,2,Yes
2017,11.63,1500,Petrol,2,6147.01,Ford,Automatic,Red,Full,0,Yes
2022,19.68,4000,Petrol,4,10939.12,Hyundai,Automatic,White,Full,0,Yes
2019,15.54,4000,Petrol,5,7848.84,Hyundai,Manual,Black,Full,0,Yes
2002,15.57,1800,Petrol,4,5345.06,Hyundai,Manual,White,Partial,0,Yes
2015,18.62,1200,Diesel,2,7472.53,Hyundai,Manual,Black,Partial,0,Yes
2010,14.87,800,Petrol,3,2462.72,Volkswagen,Manual,Red,Full,1,Yes
2007,18.48,2000,Petrol,5,4981.61,Nissan,Automatic,Gray,Full,0,Yes
2012,15.03,3000,Petrol,4,7840.34,Hyundai,Manual,Silver,Full,0,Yes
2009,15.31,800,Petrol,2,5641.82,Volkswagen,Automatic,White,Partial,0,Yes
2015,22.96,800,Electric,3,8842.66,Volkswagen,Manual,Blue,Partial,0,No
2018,23.47,2500,Diesel,2,9419.87,Nissan,Manual,Black,Full,0,No
2020,9.46,2500,Petrol,4,7652.52,BMW,Manual,Red,Full,1,Yes
2019,21.74,1000,Petrol,4,5677.46,Volkswagen,Automatic,White,Full,1,No
2022,24.99,1200,Diesel,5,8662.69,Honda,Manual,Red,None,1,Yes
2022,25.79,1000,Diesel,3,7897.75,Ford,Manual,White,Full,2,Yes
2022,20.6,2000,Diesel,1,9866.21,Toyota,Manual,Silver,Partial,1,Yes
2007,12.71,3000,Petrol,2,8823.31,Chevrolet,Manual,Gray,Full,1,Yes
2003,21.15,3000,Petrol,3,7364.01,Nissan,Manual,Black,Full,0,Yes
2023,13.65,800,Diesel,1,8546.18,Volkswagen,Automatic,White,None,1,Yes
2009,16.29,4000,Diesel,3,7599.75,Ford,Manual,Blue,None,1,Yes
2007,19.92,3000,Diesel,2,9493.81,Tesla,Manual,Black,Partial,2,Yes
1995,13.98,4000,Petrol,2,8360.51,Toyota,Manual,Black,Full,1,No
2019,12.27,4000,Diesel,5,7168.89,Kia,Manual,Red,Partial,0,Yes
2001,20.33,2000,Petrol,4,4666.03,Kia,Automatic,Black,Partial,0,Yes
2003,27.34,1200,Petrol,4,5336.48,Hyundai,Automatic,White,Full,0,Yes
2018,24.22,800,Diesel,4,7016.61,BMW,Automatic,Silver,Partial,0,No
1995,21.54,3000,Diesel,5,6545.0,Ford,Automatic,White,Full,0,Yes
2006,22.9,5000,Diesel,4,9050.98,BMW,Manual,Gray,Full,0,Yes
2002,21.19,1200,Electric,3,7622.55,Chevrolet,Automatic,Black,Full,1,Yes
2018,20.25,2500,Diesel,4,7340.05,Chevrolet,Manual,Blue,Partial,1,Yes
2005,22.49,5000,Diesel,4,9640.03,Ford,Automatic,Gray,Full,0,Yes
2013,11.16,2000,Diesel,2,7490.07,Nissan,Manual,Blue,None,0,No
2011,19.0,1200,Petrol,5,3833.56,Ford,Manual,Gray,Full,1,Yes
2002,17.6,2000,Diesel,5,4314.29,Ford,Manual,White,Full,0,Yes
1997,18.39,1200,Petrol,4,2513.59,Hyundai,Manual,White,None,0,Yes
1997,15.69,4000,Diesel,1,9336.12,Toyota,Manual,White,Full,1,No
1995,20.6,800,Petrol,2,1488.02,Nissan,Manual,White,Full,0,Yes
2021,13.91,3000,Petrol,4,9960.68,Chevrolet,Automatic,Red,Full,1,No
1999,15.33,1800,Petrol,1,6778.35,Tesla,Automatic,White,Full,0,Yes
2004,14.73,1500,Diesel,3,5112.66,Chevrolet,Manual,Red,Partial,2,Yes
2001,22.32,800,Petrol,2,4655.34,Tesla,Manual,Black,Partial,0,Yes
2020,17.94,4000,Petrol,5,8012.16,Volkswagen,Automatic,White,Full,2,Yes
2003,15.7,4000,Diesel,1,9876.22,BMW,Manual,White,Full,1,Yes
2022,16.13,1800,Petrol,4,8344.84,Ford,Manual,Blue,Full,2,Yes
2001,18.02,4000,Petrol,1,9313.76,Chevrolet,Automatic,Black,None,0,Yes
2003,26.11,5000,Petrol,5,9329.93,Volkswagen,Manual,Black,None,0,Yes
2002,11.82,4000,Diesel,3,9081.22,Volkswagen,Manual,White,None,0,Yes
2006,21.38,2500,Diesel,1,7248.65,Tesla,Automatic,Black,Full,1,No
1996,20.36,3000,Diesel,4,6873.04,Ford,Automatic,Silver,None,1,Yes
1995,13.59,800,Petrol,1,3508.18,Kia,Manual,Gray,Partial,1,Yes
2010,25.33,1500,Petrol,3,6516.66,Honda,Automatic,Blue,Partial,1,Yes
2017,20.7,5000,Petrol,1,15872.61,Kia,Manual,Black,Partial,2,Yes
2017,15.46,5000,Electric,3,15287.96,Hyundai,Manual,Silver,Partial,0,Yes
2018,8.7,1500,Diesel,3,6477.7,BMW,Manual,White,Partial,1,Yes
1999,19.15,4000,Diesel,2,9058.47,Ford,Manual,Blue,Full,0,Yes
1997,17.78,1200,Electric,2,7185.76,Tesla,Manual,Gray,Full,1,Yes
2006,12.85,5000,Petrol,4,9244.95,Nissan,Manual,Blue,None,0,No
2002,12.78,5000,Petrol,4,9491.03,Kia,Automatic,Blue,Full,0,Yes
2016,22.34,800,Diesel,4,5779.98,Volkswagen,Manual,Silver,Full,1,Yes
2021,8.22,1800,Diesel,3,4914.53,Ford,Manual,Red,Full,0,Yes
1997,19.57,2500,Diesel,3,4723.77,Hyundai,Manual,Blue,Full,0,Yes
1995,17.06,1500,Diesel,2,5099.0,BMW,Automatic,Silver,Partial,0,No
1997,20.49,4000,Diesel,3,8792.4,Kia,Manual,Gray,Partial,0,Yes
1999,16.53,2000,Diesel,2,4195.33,Honda,Automatic,Red,Partial,0,Yes
2009,19.47,2000,Diesel,1,7042.82,Kia,Manual,Silver,Full,0,No
2008,14.29,1200,Petrol,4,3499.95,Ford,Manual,Silver,Full,0,Yes
1997,17.75,5000,Diesel,4,10036.61,Tesla,Automatic,Silver,Partial,0,Yes
1995,20.45,5000,Diesel,5,6562.53,Nissan,Automatic,Blue,Full,0,No
1999,18.75,1800,Diesel,2,4586.94,Nissan,Manual,White,None,0,Yes
2020,19.9,5000,Petrol,5,11867.57,Kia,Manual,Gray,Partial,1,No
2017,13.36,2000,Petrol,4,5109.32,Tesla,Automatic,Blue,Full,0,Yes
2008,15.05,1500,Petrol,5,4237.77,Chevrolet,Manual,Gray,Full,0,No
2001,15.13,1200,Electric,1,6621.91,Kia,Automatic,Gray,None,0,No
2021,16.62,1800,Petrol,5,5906.24,Volkswagen,Manual,Blue,Full,0,Yes
2003,24.79,2500,Petrol,1,7555.63,Volkswagen,Manual,Blue,Partial,1,Yes
2009,16.23,2000,Diesel,4,5516.44,Nissan,Manual,Blue,Partial,0,Yes
2009,12.28,1000,Diesel,3,3659.65,Nissan,Manual,Red,None,2,Yes
2020,20.71,800,Diesel,2,7180.43,BMW,Automatic,Red,Full,0,Yes
2004,24.73,1800,Electric,5,9413.59,Tesla,Automatic,Silver,Full,2,Yes
2022,11.69,1800,Diesel,1,9169.91,Ford,Manual,Black,Full,0,Yes
2007,27.86,2000,Diesel,4,8307.23,Hyundai,Manual,Gray,Partial,1,Yes
2013,20.08,1200,Petrol,4,5484.11,Ford,Manual,Black,Full,0,No
2001,23.17,800,Petrol,3,3959.19,Nissan,Automatic,White,Partial,0,Yes
2011,25.34,1500,Diesel,4,6548.13,BMW,Manual,Silver,Partial,0,No
2014,22.86,1500,Petrol,4,4960.39,Hyundai,Manual,Gray,Partial,0,Yes
2023,17.45,5000,Diesel,3,13977.93,Tesla,Manual,White,Full,0,Yes
1998,24.09,1000,Petrol,4,3115.8,Nissan,Manual,Red,Partial,1,No
1999,19.27,3000,Petrol,1,7518.48,Tesla,Automatic,Blue,None,1,Yes
2017,23.45,2000,Petrol,5,7691.52,Ford,Manual,White,Full,1,Yes
2001,24.0,1200,Diesel,5,2957.44,Tesla,Manual,White,Partial,0,Yes
2007,12.55,800,Petrol,1,3914.74,Nissan,Manual,Red,Partial,0,No
2009,21.97,1200,Petrol,5,5076.83,BMW,Manual,Silver,Full,0,Yes
2005,17.09,3000,Diesel,4,7137.36,Honda,Manual,Blue,Full,0,Yes
2023,18.69,1500,Electric,5,12130.73,Ford,Manual,Blue,None,0,Yes
1998,18.64,1200,Petrol,5,2879.82,Tesla,Automatic,Silver,Partial,0,No
2007,18.43,1500,Diesel,4,5446.82,Hyundai,Automatic,Gray,Full,0,Yes
2001,25.62,1500,Diesel,5,6699.4,Honda,Automatic,Red,None,0,Yes
2021,11.17,1000,Petrol,4,5736.05,Chevrolet,Automatic,Gray,Partial,1,Yes
2013,9.39,1500,Diesel,3,5659.79,Hyundai,Manual,Red,Full,1,No
2016,8.33,4000,Petrol,3,6386.74,Kia,Manual,White,Partial,0,Yes
2022,23.35,1500,Petrol,5,6864.9,Honda,Automatic,Black,Full,0,Yes
1996,14.13,800,Diesel,3,2399.79,Chevrolet,Manual,Black,Full,1,Yes
2004,18.66,800,Diesel,5,2177.79,Toyota,Automatic,Red,Full,0,Yes
2007,17.43,800,Petrol,3,4454.46,Nissan,Automatic,Silver,Full,0,Yes
2019,13.57,1800,Diesel,5,6796.85,Nissan,Automatic,Gray,None,0,No
2015,22.26,2000,Diesel,2,9244.49,Hyundai,Automatic,Silver,Full,1,Yes
2000,17.36,2000,Diesel,1,5874.48,Volkswagen,Manual,Black,Full,1,No
2022,16.81,2000,Diesel,3,6659.85,Chevrolet,Manual,Gray,Partial,2,Yes
2022,19.16,4000,Diesel,4,11086.06,Volkswagen,Manual,Silver,None,0,Yes
2006,21.6,800,Petrol,1,5172.28,Volkswagen,Automatic,Silver,Full,2,No
2006,13.21,5000,Petrol,5,8117.19,Toyota,Manual,Gray,None,1,Yes
2014,22.36,2000,Diesel,1,8401.5,Tesla,Manual,Blue,Full,0,Yes
2005,25.25,3000,Diesel,4,7333.1,Chevrolet,Automatic,Gray,Full,1,Yes
2020,10.87,3000,Petrol,4,7986.23,Honda,Manual,Silver,Full,1,Yes
2017,19.39,1200,Petrol,5,5119.76,Ford,Manual,Blue,Full,1,Yes
2022,16.48,1800,Diesel,3,9315.03,Kia,Manual,Gray,None,1,Yes
2019,21.5,5000,Petrol,3,13095.73,Ford,Automatic,Blue,None,0,Yes
2001,11.92,1500,Petrol,2,4500.31,Tesla,Automatic,Gray,Partial,1,No
1995,26.14,800,Petrol,4,3403.0,BMW,Automatic,Black,Full,1,Yes
1995,9.96,4000,Petrol,2,5470.93,Chevrolet,Manual,Blue,Full,1,Yes
2019,16.78,1800,Petrol,4,7977.88,BMW,Automatic,Red,Partial,0,Yes
2021,20.17,1000,Petrol,2,10722.17,Honda,Manual,White,Full,1,Yes
2019,14.57,1000,Diesel,3,5035.78,Chevrolet,Manual,Blue,Full,0,Yes
2014,13.78,2500,Petrol,4,6229.3,Tesla,Manual,Red,Full,0,No
2007,19.11,1500,Diesel,3,4944.42,Toyota,Manual,Red,Full,0,Yes
2003,18.39,800,Diesel,1,5055.62,Hyundai,Manual,Silver,Full,1,Yes
1997,18.03,1800,Petrol,3,4177.78,Nissan,Automatic,Red,Full,0,Yes
2001,22.29,1000,Petrol,4,3210.27,Tesla,Manual,Silver,Full,2,Yes
2000,16.03,2500,Diesel,1,7159.23,Toyota,Automatic,Red,Partial,0,Yes
2002,19.6,4000,Petrol,2,9439.56,Ford,Automatic,Black,Full,0,Yes
2021,15.47,800,Petrol,5,6328.71,Honda,Manual,Black,Full,0,Yes
2003,13.75,1000,Petrol,4,3144.73,Ford,Automatic,Black,Full,1,No
1999,16.58,2000,Petrol,5,3698.34,Ford,Automatic,Black,Full,0,No
1995,15.51,3000,Diesel,5,4076.74,Ford,Manual,Gray,Partial,0,No
2013,15.76,2500,Diesel,1,8725.91,Toyota,Manual,Black,Full,0,Yes
2004,23.83,4000,Petrol,2,8816.8,Ford,Automatic,Red,None,0,Yes
2006,16.73,1000,Electric,3,8395.17,Honda,Manual,Blue,None,0,Yes
2018,14.69,4000,Petrol,1,11988.09,Volkswagen,Manual,Blue,None,3,No
2009,18.14,1500,Diesel,2,6400.47,Nissan,Manual,Blue,None,0,Yes
2021,18.52,1200,Diesel,3,6669.8,Tesla,Manual,Black,Partial,1,Yes
2016,12.07,2500,Diesel,3,9136.35,Kia,Automatic,Black,None,0,Yes
2018,16.51,1800,Petrol,2,7232.83,Chevrolet,Automatic,Red,Partial,1,Yes
2003,16.31,1800,Diesel,3,4156.57,Toyota,Manual,Gray,Full,0,Yes
2014,17.14,1000,Petrol,4,4747.56,Chevrolet,Automatic,Blue,Partial,0,Yes
2011,21.63,2000,Petrol,4,7472.23,Tesla,Manual,Gray,Partial,0,Yes
2011,18.68,2000,Petrol,1,9225.02,Tesla,Manual,Silver,Full,0,Yes
2020,24.14,1500,Diesel,3,9107.15,Kia,Manual,Black,Partial,1,Yes
2014,17.94,1800,Petrol,3,5543.51,Chevrolet,Automatic,White,None,1,Yes
2006,26.88,2500,Petrol,2,8217.09,Honda,Automatic,White,Partial,1,Yes
2001,15.7,3000,Petrol,4,5452.33,BMW,Manual,White,Full,1,Yes
1996,14.15,2000,Petrol,5,3395.55,Tesla,Manual,Red,Full,0,No
1997,20.74,1800,Petrol,1,5346.39,BMW,Manual,Silver,Partial,1,Yes
2011,24.82,1200,Electric,4,9603.61,Tesla,Automatic,Black,Full,0,Yes
1999,11.11,2500,Petrol,2,4877.33,Nissan,Automatic,Red,Partial,0,Yes
2011,17.02,3000,Petrol,1,8247.67,BMW,Manual,Blue,Full,1,Yes
2018,14.95,1200,Diesel,5,6501.41,Volkswagen,Manual,Blue,Full,1,Yes
2011,18.71,1800,Diesel,1,7464.01,Toyota,Manual,Black,None,1,No
2021,18.05,1000,Diesel,4,7100.61,Kia,Automatic,Gray,Full,1,Yes
2011,24.73,5000,Diesel,5,9865.43,Toyota,Automatic,Black,None,0,Yes
1996,17.46,5000,Petrol,2,8441.87,Kia,Automatic,White,None,1,Yes
1996,24.87,1500,Diesel,1,4267.19,BMW,Automatic,Silver,Full,0,Yes
2022,16.42,1500,Diesel,4,6146.92,Tesla,Manual,White,None,0,No
2016,22.63,3000,Diesel,2,9338.81,Tesla,Automatic,Silver,Partial,0,Yes
2017,19.14,1200,Electric,5,7783.0,Volkswagen,Automatic,Red,Full,0,Yes
1999,26.65,1800,Diesel,1,6608.71,Chevrolet,Manual,Red,Full,1,No
1995,10.61,1800,Diesel,3,2124.15,Tesla,Automatic,Gray,None,0,No
1995,12.18,1000,Petrol,4,1000.0,Ford,Automatic,Silver,Partial,0,Yes
2013,27.16,4000,Petrol,4,10826.27,Nissan,Automatic,Red,Full,1,Yes
1996,14.33,1500,Electric,3,8231.07,BMW,Automatic,Silver,Full,1,Yes
2015,14.65,4000,Diesel,2,10884.89,BMW,Manual,Gray,Partial,1,Yes
2006,13.62,4000,Petrol,4,8318.11,Kia,Automatic,Gray,Full,0,No
2020,23.74,1000,Diesel,2,7481.52,Chevrolet,Manual,Gray,Full,0,No
2000,11.73,4000,Petrol,5,4327.06,Volkswagen,Manual,Red,Partial,0,No
2017,18.11,4000,Diesel,3,10423.83,Nissan,Manual,Gray,Partial,1,No
1998,16.67,1000,Diesel,2,2578.19,Kia,Manual,Blue,Full,0,No
2017,23.18,2000,Petrol,5,8254.88,Honda,Manual,Black,Partial,0,No
2005,15.18,4000,Petrol,1,11043.7,Nissan,Manual,Red,Full,2,No
2018,20.08,1500,Petrol,4,5849.54,Nissan,Manual,Red,Partial,0,Yes
2021,12.14,1000,Diesel,3,5986.14,Chevrolet,Manual,Blue,Full,0,Yes
2011,29.37,2500,Diesel,1,8463.91,Nissan,Automatic,White,Partial,0,Yes
2000,16.8,4000,Diesel,1,9744.49,Volkswagen,Automatic,Blue,Partial,0,Yes
2018,18.04,2000,Diesel,1,10013.68,Tesla,Manual,Red,Full,0,Yes
1999,26.27,1500,Petrol,2,6222.49,BMW,Automatic,Blue,Partial,0,No
2014,15.07,800,Petrol,4,4827.66,Honda,Manual,Blue,None,0,No
1996,26.34,1500,Diesel,3,4666.49,Tesla,Manual,Gray,None,0,Yes
2000,15.94,1200,Electric,4,6607.53,Kia,Manual,Blue,Partial,0,Yes
2016,21.36,2500,Petrol,4,7839.37,Tesla,Automatic,Silver,None,0,No
2005,15.14,5000,Petrol,4,9093.77,Volkswagen,Manual,Blue,Partial,1,Yes
2010,11.22,1800,Petrol,5,5700.81,Ford,Manual,Blue,Full,0,No
2010,20.07,1200,Diesel,5,5390.65,Tesla,Automatic,Red,Partial,0,Yes
1995,21.2,1000,Petrol,5,1623.57,Nissan,Manual,Silver,None,0,Yes
2003,11.42,1000,Electric,5,7025.46,Tesla,Manual,White,Full,0,No
2022,16.46,1800,Petrol,4,6679.71,Hyundai,Manual,Silver,Full,1,Yes
2021,24.0,3000,Petrol,4,11863.98,Kia,Manual,Silver,None,0,Yes
2000,21.0,3000,Petrol,3,5620.37,Hyundai,Manual,Silver,Partial,0,Yes
2010,16.02,1800,Diesel,3,5877.78,Kia,Automatic,Red,Full,1,No
2023,15.01,1000,Petrol,3,7106.65,Toyota,Manual,Gray,Partial,0,Yes
1997,27.74,1500,Petrol,3,5376.83,Nissan,Manual,Black,Full,1,No
2014,10.77,2500,Petrol,3,7225.04,Nissan,Automatic,Red,Full,0,Yes
2022,17.7,2000,Diesel,5,8597.51,Nissan,Manual,Red,Full,0,Yes
2021,10.68,5000,Petrol,4,11773.67,Honda,Automatic,White,Full,0,Yes
1998,24.57,2500,Diesel,3,6813.8,Tesla,Automatic,Gray,Partial,1,No
2013,17.96,1800,Petrol,2,6599.46,Toyota,Automatic,White,Full,1,Yes
2020,18.89,1000,Electric,3,10486.5,Volkswagen,Manual,White,None,0,No
1997,31.84,3000,Diesel,3,7329.53,Chevrolet,Automatic,Black,Partial,0,Yes
2013,15.03,1000,Petrol,4,5793.77,Toyota,Manual,Silver,Full,0,Yes
2014,26.74,3000,Electric,5,13151.17,Hyundai,Automatic,Black,Full,1,Yes
2001,16.05,2500,Petrol,1,6804.34,Honda,Manual,Silver,None,0,Yes
2014,16.83,1200,Diesel,4,5843.69,Toyota,Manual,Black,Partial,1,No
2003,31.19,1500,Petrol,5,5627.02,Toyota,Automatic,Gray,Full,1,Yes
1995,17.19,2500,Petrol,2,5392.91,Hyundai,Automatic,Red,Full,0,Yes
2002,11.13,1500,Petrol,1,4565.23,BMW,Automatic,Red,Full,0,Yes
2001,19.41,4000,Diesel,5,6246.07,Hyundai,Manual,Silver,Partial,1,Yes
2012,17.14,2500,Petrol,5,5845.1,Kia,Manual,Silver,Partial,0,Yes
2002,19.84,800,Diesel,4,3376.86,Toyota,Automatic,Silver,None,0,No
1995,17.33,800,Petrol,5,2862.5,Honda,Manual,Blue,None,2,Yes
2005,29.08,1500,Diesel,3,6732.29,Honda,Manual,White,Full,0,Yes
2022,20.78,4000,Diesel,5,11832.04,Hyundai,Manual,Blue,None,0,Yes
2019,12.63,1500,Diesel,1,5772.35,Nissan,Manual,Blue,None,0,Yes
2019,18.62,1800,Diesel,5,8047.7,Volkswagen,Automatic,Red,Partial,0,No
2012,14.0,800,Petrol,2,5737.28,Chevrolet,Manual,Gray,Full,0,Yes
2017,16.76,1000,Petrol,3,7000.67,Nissan,Manual,Red,Full,0,Yes
2004,13.45,1500,Petrol,1,3420.68,BMW,Manual,Silver,Full,0,No
1997,28.54,1500,Electric,1,8730.06,Hyundai,Manual,Red,Full,1,Yes
2001,14.54,5000,Diesel,4,7746.61,Chevrolet,Manual,Silver,None,1,Yes
2022,21.44,2000,Diesel,4,8982.92,Nissan,Automatic,Gray,None,0,Yes
2010,16.38,2000,Diesel,3,6875.71,Volkswagen,Automatic,Gray,Partial,2,No
2020,12.21,3000,Electric,1,13799.51,Nissan,Automatic,Blue,Partial,0,No
2010,18.99,4000,Diesel,2,9799.57,Chevrolet,Automatic,White,Full,1,No
2019,20.0,800,Diesel,5,6170.91,Honda,Automatic,Red,Partial,0,Yes
2014,20.79,800,Diesel,5,4698.26,BMW,Automatic,Blue,Partial,0,Yes
2022,5.0,2000,Diesel,5,6973.21,Nissan,Manual,Gray,Full,0,Yes
2011,11.83,1500,Diesel,4,5407.93,BMW,Manual,Silver,Partial,1,Yes
1996,22.79,1500,Diesel,1,4558.78,Volkswagen,Automatic,Red,Full,0,Yes
1995,13.38,800,Diesel,1,3244.58,Tesla,Automatic,Gray,Full,0,Yes
2010,19.01,4000,Petrol,2,8797.33,Kia,Manual,White,Partial,0,Yes
2006,11.71,1200,Diesel,4,4699.05,Tesla,Automatic,Red,Partial,0,Yes
1999,21.66,1800,Diesel,2,6213.96,Chevrolet,Manual,Silver,Partial,0,Yes
1999,22.66,5000,Petrol,1,11672.95,Tesla,Automatic,Blue,Partial,1,No
2021,21.66,800,Petrol,5,6767.8,Chevrolet,Automatic,Gray,Full,0,Yes
2017,23.16,3000,Diesel,4,9450.66,Honda,Automatic,Blue,None,0,No
2003,25.82,1200,Diesel,4,3289.32,Kia,Manual,White,Partial,1,Yes
2003,12.13,800,Petrol,4,3470.5,BMW,Automatic,White,None,0,Yes
1997,14.06,5000,Petrol,5,6900.79,BMW,Automatic,Blue,None,0,No
2013,22.49,2000,Diesel,4,6228.83,Nissan,Automatic,Black,Full,0,Yes
2010,23.65,800,Petrol,3,6190.33,Kia,Manual,Blue,None,0,Yes
2010,14.63,1200,Petrol,4,3932.02,Tesla,Manual,Silver,None,1,No
1997,14.28,1800,Diesel,5,3031.19,Hyundai,Manual,Red,Full,1,Yes
2014,14.74,1500,Diesel,4,6245.4,Ford,Manual,Black,Full,0,No
2018,9.97,2500,Electric,3,11243.45,Toyota,Manual,Blue,None,1,Yes
2016,11.64,2000,Petrol,3,7798.33,Hyundai,Manual,Red,Full,0,Yes
2018,11.76,1200,Petrol,4,4761.54,Ford,Manual,Gray,None,0,Yes
1995,16.53,3000,Petrol,1,6329.7,Ford,Automatic,White,Full,0,Yes
2018,19.35,3000,Petrol,1,10773.75,BMW,Manual,Gray,Partial,0,Yes
2014,20.17,1000,Petrol,2,5134.6,Volkswagen,Manual,Blue,Partial,0,Yes
2005,15.46,2500,Diesel,3,5452.62,BMW,Manual,Black,None,0,Yes
2011,15.58,800,Petrol,1,4732.28,Hyundai,Automatic,Silver,Partial,0,Yes
2002,18.62,1000,Electric,2,5334.5,Nissan,Manual,Red,Full,0,Yes
1998,10.52,3000,Petrol,1,5823.76,Hyundai,Manual,Gray,Full,1,Yes
2000,22.8,800,Diesel,4,3347.21,Toyota,Automatic,Red,Full,1,Yes
2002,24.43,1000,Electric,3,7791.9,Chevrolet,Automatic,Blue,Partial,0,Yes
2014,14.87,800,Petrol,1,5524.24,Honda,Manual,Silver,Full,0,Yes
1997,16.01,1800,Petrol,4,2711.71,Kia,Manual,Silver,Full,0,Yes
2010,24.22,2500,Diesel,2,8436.07,BMW,Manual,White,Partial,0,Yes
2019,17.38,2000,Diesel,4,6827.71,Hyundai,Manual,Blue,Full,0,Yes
1997,20.94,2000,Diesel,2,3102.34,Hyundai,Manual,Gray,None,0,No
2019,17.54,2000,Petrol,1,7989.7,BMW,Manual,Red,Full,0,Yes
2023,25.78,3000,Diesel,5,10251.05,Honda,Manual,White,Partial,3,Yes
2012,20.45,1800,Diesel,4,6344.29,Tesla,Manual,Red,None,1,Yes
2008,20.74,5000,Petrol,5,10279.56,Toyota,Automatic,Gray,None,1,Yes
2012,20.83,2500,Electric,3,11565.2,Volkswagen,Manual,White,Partial,1,Yes
1996,15.22,1200,Diesel,5,2199.49,Kia,Automatic,Gray,Full,3,Yes
2016,15.68,4000,Diesel,3,10269.67,BMW,Automatic,Blue,Partial,0,Yes
1997,21.85,5000,Diesel,1,10166.87,Kia,Automatic,Gray,None,1,Yes
2010,18.63,1200,Diesel,1,5752.19,Volkswagen,Manual,White,Full,0,Yes
2023,12.11,2000,Petrol,4,7365.77,Volkswagen,Manual,White,Full,0,No
2003,27.37,1200,Diesel,5,3410.03,Ford,Manual,Silver,Partial,0,Yes
1998,22.89,800,Diesel,3,4254.63,Tesla,Automatic,Gray,Partial,1,Yes
1995,18.19,800,Diesel,3,1580.08,Toyota,Manual,Silver,Full,0,Yes
1998,16.63,1200,Electric,5,6795.7,Volkswagen,Manual,Gray,Full,1,No
1995,18.99,1500,Petrol,1,4624.08,Chevrolet,Manual,Red,Full,0,Yes
2008,20.59,1000,Petrol,1,7210.96,Nissan,Manual,Silver,Full,0,No
2015,7.83,4000,Diesel,3,8016.6,Chevrolet,Automatic,Blue,None,0,Yes
2010,28.56,3000,Diesel,4,10473.18,Kia,Manual,Blue,Full,2,Yes
2014,14.05,1200,Petrol,1,5401.81,Toyota,Automatic,White,Full,0,Yes
2018,17.99,2500,Diesel,2,8955.0,Honda,Manual,Red,None,0,Yes
2002,18.17,1500,Petrol,3,3327.22,Ford,Manual,Blue,Full,2,Yes
2001,27.98,1800,Petrol,5,5129.22,Toyota,Manual,White,Full,1,Yes
1997,17.56,1500,Electric,5,5666.85,Hyundai,Automatic,Red,None,0,Yes
2011,25.94,4000,Petrol,3,8375.68,Hyundai,Automatic,Blue,Full,1,No
1995,20.03,2500,Electric,3,8448.92,Kia,Automatic,Black,None,1,Yes
2010,13.19,1500,Petrol,1,6753.16,Chevrolet,Manual,White,Partial,1,No
2006,18.67,3000,Petrol,3,6682.44,Nissan,Automatic,Blue,Full,0,Yes
2021,17.41,1000,Diesel,3,6354.68,Volkswagen,Manual,Black,Partial,0,Yes
2013,12.58,2500,Diesel,2,7387.87,Chevrolet,Manual,Gray,Partial,0,Yes
2016,19.79,800,Petrol,5,6527.82,Kia,Automatic,White,None,1,Yes
2017,18.11,3000,Petrol,1,10321.84,Volkswagen,Manual,Blue,Full,2,Yes
2016,20.78,2000,Diesel,4,6747.2,Honda,Manual,White,None,0,Yes
2008,18.97,1800,Petrol,1,5979.11,Kia,Manual,Silver,None,1,Yes
2000,14.74,4000,Diesel,5,4958.56,Hyundai,Automatic,Gray,Full,0,Yes
2000,21.84,4000,Petrol,4,7895.98,Kia,Manual,Black,Full,0,Yes
2007,14.88,1200,Diesel,3,4652.17,Nissan,Manual,Red,Full,1,No
2013,5.0,4000,Petrol,2,7739.95,Toyota,Manual,Red,Full,1,Yes
2016,18.64,4000,Diesel,2,9620.4,Hyundai,Automatic,White,Full,0,Yes
2002,15.23,1000,Diesel,5,2999.6,Tesla,Manual,White,Full,2,Yes
2021,19.91,1800,Petrol,5,8117.31,Ford,Automatic,Silver,Partial,1,Yes
2021,27.99,1000,Diesel,2,8120.11,Ford,Automatic,Black,Full,0,Yes
1996,28.14,800,Petrol,4,3884.66,Chevrolet,Manual,White,None,0,Yes
2015,17.17,2500,Petrol,4,7357.97,Chevrolet,Manual,Red,Full,0,Yes
1995,13.87,1500,Petrol,1,6663.51,Honda,Manual,Black,Full,1,No
2022,20.92,1800,Diesel,3,8327.87,Tesla,Automatic,Black,Full,1,Yes
2009,16.15,1500,Petrol,4,6313.69,Hyundai,Manual,Silver,Partial,0,Yes
1995,19.96,2000,Diesel,3,5110.71,Volkswagen,Manual,Gray,Partial,0,Yes
1999,14.7,1000,Diesel,5,1471.29,Toyota,Automatic,White,Partial,0,No
2022,19.25,3000,Petrol,4,10100.01,BMW,Manual,Black,Full,0,Yes
2023,13.94,1500,Petrol,4,6715.2,Tesla,Manual,Silver,None,1,Yes
2010,23.92,3000,Petrol,4,7251.22,Volkswagen,Automatic,Red,Full,0,Yes
2013,15.05,1200,Petrol,1,6547.69,Volkswagen,Automatic,Silver,Full,0,Yes
1998,21.31,1800,Petrol,5,3426.82,Nissan,Manual,Silver,Partial,2,Yes
1997,11.68,1200,Diesel,2,3101.66,Toyota,Automatic,Gray,Partial,1,Yes
2011,21.91,2500,Diesel,1,8858.45,Toyota,Manual,Silver,Full,0,Yes
2011,13.17,1200,Petrol,1,5708.22,Chevrolet,Manual,White,Full,0,Yes
2006,19.31,3000,Diesel,4,6162.9,Kia,Automatic,Silver,Full,3,Yes
2022,23.12,4000,Petrol,1,14194.67,Chevrolet,Manual,Red,Full,1,Yes
2023,17.0,1000,Diesel,2,7317.48,Tesla,Manual,Black,Partial,0,Yes
2008,12.85,1200,Electric,1,8663.79,Kia,Manual,Blue,Partial,0,Yes
2015,20.48,2500,Petrol,1,9159.89,Nissan,Automatic,Gray,Partial,1,Yes
2000,13.8,1800,Diesel,4,3349.74,Nissan,Manual,White,None,1,Yes
1997,15.98,5000,Diesel,5,8066.2,Nissan,Manual,Blue,Full,0,No
2022,19.33,2500,Diesel,2,11175.52,Chevrolet,Manual,Gray,Partial,0,Yes
2003,24.8,1000,Petrol,4,2767.87,Chevrolet,Automatic,Gray,Full,1,Yes
1999,18.13,1500,Petrol,1,4085.21,Chevrolet,Manual,Silver,Partial,1,Yes
2018,18.11,800,Petrol,2,6145.02,Honda,Manual,White,Partial,1,No
2023,21.69,1800,Petrol,3,7864.8,Ford,Manual,Red,Partial,0,Yes
2011,18.25,3000,Diesel,1,11255.71,Nissan,Manual,Blue,Full,0,Yes
2008,21.18,800,Petrol,5,3493.36,Volkswagen,Automatic,Black,Full,1,Yes
2015,23.39,2500,Diesel,1,10181.84,Toyota,Automatic,Gray,None,2,Yes
1997,16.36,2500,Petrol,5,3879.13,Tesla,Manual,Red,None,2,Yes
2022,5.0,2500,Petrol,3,5013.52,Chevrolet,Manual,Red,Full,1,No
1995,13.91,800,Diesel,4,1112.71,Kia,Manual,Blue,Partial,1,Yes
2014,24.04,1200,Petrol,4,5014.68,Toyota,Manual,Black,Full,1,Yes
2023,17.83,1000,Diesel,4,6820.62,Volkswagen,Manual,White,Partial,0,Yes
2015,16.3,1800,Petrol,2,7007.8,Honda,Automatic,Red,Partial,0,Yes
2017,23.83,1000,Petrol,5,5044.26,Nissan,Manual,White,Full,0,Yes
1995,17.49,1800,Petrol,1,4835.33,Hyundai,Automatic,Red,Full,0,Yes
1997,7.54,1800,Petrol,2,3126.5,Volkswagen,Manual,Silver,Partial,1,Yes
2012,10.47,1500,Electric,2,9727.88,Tesla,Manual,Gray,Full,0,Yes
2019,20.09,2500,Petrol,1,10472.18,Nissan,Automatic,Red,Partial,1,Yes
2004,17.67,5000,Diesel,3,11852.06,BMW,Manual,White,Full,1,No
2016,25.27,2000,Petrol,4,8554.93,Tesla,Automatic,Black,None,0,No
2020,14.33,1000,Diesel,3,6609.52,Volkswagen,Manual,Blue,Full,0,Yes
1997,16.45,1500,Diesel,3,4271.3,Hyundai,Automatic,Black,Full,0,Yes
2002,13.58,2500,Electric,4,8813.4,Toyota,Manual,Red,Full,0,Yes
2008,15.4,4000,Diesel,3,7147.77,Kia,Manual,White,None,1,Yes
2018,8.54,4000,Electric,2,13643.1,BMW,Manual,Silver,Full,0,Yes
2012,16.07,1200,Diesel,1,4832.14,Kia,Automatic,Black,Partial,0,Yes
2009,17.74,800,Petrol,2,3166.99,Toyota,Automatic,Silver,Full,4,Yes
2016,17.32,4000,Electric,2,12765.97,BMW,Automatic,Blue,Full,1,Yes
2017,28.75,3000,Electric,5,12653.49,Hyundai,Automatic,Silver,Partial,0,Yes
1996,27.17,2500,Petrol,4,4509.78,Kia,Manual,Blue,Full,1,Yes
2021,14.25,2000,Electric,4,10767.86,Hyundai,Manual,Silver,None,2,Yes
2004,7.78,5000,Diesel,2,11069.21,Honda,Automatic,Red,Full,1,Yes
1996,17.5,2500,Electric,4,7342.58,Ford,Automatic,Silver,Full,2,Yes
2020,19.88,4000,Electric,5,13488.97,Hyundai,Automatic,Gray,Full,0,Yes
2011,13.7,2000,Diesel,1,6491.23,Chevrolet,Manual,Black,Full,0,Yes
2002,13.95,5000,Diesel,3,8148.13,BMW,Automatic,Black,Full,0,Yes
1995,25.91,1200,Petrol,4,3364.95,Kia,Manual,Black,Full,1,Yes
2003,16.71,1200,Petrol,2,3876.06,Volkswagen,Manual,Blue,Full,0,Yes
2005,21.31,1500,Petrol,4,4495.79,Nissan,Manual,Blue,None,0,No
2016,13.35,5000,Petrol,2,11171.2,Chevrolet,Manual,Red,Full,1,Yes
2010,17.72,5000,Petrol,3,9685.95,Ford,Automatic,Blue,None,2,Yes
2001,16.32,3000,Diesel,4,5890.38,Hyundai,Manual,Red,Full,1,Yes
2023,14.62,5000,Petrol,3,10677.72,Volkswagen,Manual,Silver,None,0,Yes
2004,23.78,4000,Diesel,2,10358.48,Hyundai,Manual,White,Partial,1,Yes
2017,11.06,3000,Diesel,5,5586.66,Ford,Automatic,Black,Full,0,Yes
2020,19.5,5000,Diesel,5,11146.68,Tesla,Manual,Black,None,1,Yes
1997,16.22,1000,Petrol,1,5065.0,Chevrolet,Manual,Red,Full,0,Yes
2012,20.07,1500,Petrol,2,7574.04,Hyundai,Manual,Blue,Full,0,Yes
2019,16.29,1500,Petrol,2,7453.51,Hyundai,Manual,Gray,None,0,Yes
2018,22.34,1000,Petrol,2,9472.04,Toyota,Automatic,Silver,Full,2,Yes
2007,13.3,3000,Diesel,5,6139.85,Tesla,Manual,Red,Partial,3,Yes
2022,23.79,1200,Diesel,5,7912.37,Kia,Manual,Black,None,0,Yes
2020,17.86,1000,Diesel,5,4916.43,Hyundai,Automatic,Gray,Partial,3,No
2001,11.36,2500,Petrol,4,1776.4,Chevrolet,Manual,Red,Partial,1,Yes
2019,21.4,800,Petrol,4,6245.42,Honda,Automatic,White,Partial,0,Yes
1998,17.01,2000,Diesel,5,4084.48,Ford,Automatic,White,Partial,1,No
2007,9.46,1200,Petrol,3,4297.54,Volkswagen,Manual,White,None,0,Yes
2014,19.66,1200,Diesel,4,4217.65,Hyundai,Manual,Silver,Partial,0,Yes
1995,23.03,1800,Diesel,4,7092.16,Kia,Automatic,White,Partial,2,No
2002,24.41,1200,Petrol,4,3324.4,Tesla,Automatic,Silver,Partial,0,Yes
2008,16.11,1500,Diesel,4,4885.05,Ford,Automatic,Gray,Partial,0,Yes
2010,18.73,1200,Diesel,1,6697.87,Toyota,Automatic,Red,None,0,Yes
2008,18.25,2500,Diesel,4,7359.57,BMW,Manual,Silver,Full,1,Yes
2006,25.45,1200,Petrol,3,4964.38,Honda,Manual,Black,Full,1,Yes
2013,13.95,5000,Diesel,1,12546.65,Volkswagen,Manual,Blue,Partial,0,Yes
2017,15.68,1500,Petrol,4,7699.64,BMW,Automatic,White,Full,2,Yes
2009,13.83,1000,Diesel,2,4450.77,Volkswagen,Automatic,Blue,None,0,Yes
2022,10.75,1000,Petrol,1,6484.65,Chevrolet,Manual,Red,None,0,No
1996,19.24,4000,Petrol,4,6098.83,Chevrolet,Manual,Silver,Full,0,Yes
1996,26.01,800,Petrol,3,3864.02,Toyota,Automatic,Silver,Full,0,No
2017,17.01,800,Petrol,5,3803.32,Honda,Manual,Blue,Partial,0,Yes
2016,13.59,5000,Petrol,4,11622.43,Chevrolet,Manual,Red,Full,1,No
2013,18.93,800,Petrol,2,5338.88,Hyundai,Manual,Blue,None,2,Yes
2019,20.95,1200,Diesel,3,6824.07,Chevrolet,Manual,Black,Full,0,Yes
2020,17.22,1000,Petrol,1,6470.42,Ford,Manual,White,None,0,No
2023,25.02,1200,Diesel,3,10302.79,Tesla,Manual,White,Full,0,Yes
2016,13.94,1800,Diesel,4,6274.46,BMW,Manual,Silver,Full,1,Yes
2020,16.57,4000,Petrol,2,10234.78,Tesla,Automatic,Gray,Full,1,Yes
2020,19.48,1000,Petrol,3,7014.74,Kia,Automatic,Red,None,0,No
2016,19.96,800,Petrol,3,4201.16,Volkswagen,Automatic,Red,Full,0,Yes
2011,18.24,2000,Electric,5,8079.95,Kia,Automatic,Silver,Full,1,No
2014,11.61,1200,Diesel,5,4618.49,BMW,Automatic,Red,Full,1,Yes
2004,29.69,2500,Electric,4,10833.01,Ford,Manual,Red,Full,1,Yes
2000,16.82,2000,Petrol,1,6813.55,BMW,Manual,White,Full,0,Yes
2009,18.55,2500,Diesel,1,9529.27,Chevrolet,Manual,Black,Full,0,Yes
2016,21.08,1800,Petrol,2,7853.83,Tesla,Manual,Black,None,0,Yes
2005,14.82,800,Diesel,4,4021.44,Honda,Manual,Silver,Full,0,Yes
2022,18.28,1200,Petrol,1,8997.42,Volkswagen,Automatic,Black,Full,1,Yes
1999,14.61,1200,Diesel,3,4147.26,Chevrolet,Automatic,Black,Full,0,No
1995,20.08,2500,Diesel,4,3326.41,Chevrolet,Manual,White,Full,0,No
2002,16.62,1200,Diesel,3,4253.85,Nissan,Automatic,Black,None,1,Yes
2015,19.34,1800,Petrol,2,7381.01,BMW,Manual,Black,Full,0,No
2022,12.77,1500,Diesel,4,7785.74,Chevrolet,Manual,Black,Full,0,Yes
2006,13.86,1500,Petrol,2,5319.96,Honda,Manual,Gray,None,0,No
2006,11.17,2500,Diesel,5,4493.04,Nissan,Automatic,Gray,Full,1,Yes
1999,14.45,800,Diesel,2,2872.79,Ford,Automatic,Blue,Full,0,Yes
2001,5.13,2500,Petrol,5,3047.57,Honda,Manual,Black,None,2,No
1998,16.46,3000,Diesel,4,5733.35,Hyundai,Automatic,Blue,Partial,2,Yes
2000,15.33,1200,Petrol,3,3861.46,Toyota,Manual,White,Full,0,No
2007,18.75,1200,Petrol,3,4798.85,Honda,Manual,Black,Partial,1,No
2014,18.22,1500,Petrol,3,6113.12,Kia,Manual,Red,Full,1,Yes
2009,24.29,2000,Diesel,2,6709.15,Kia,Automatic,Blue,Full,1,Yes
1997,30.97,2500,Diesel,4,7859.03,Tesla,Manual,Black,None,1,Yes
2017,23.69,800,Diesel,4,5717.16,Volkswagen,Manual,Gray,None,1,Yes
2002,15.73,1500,Diesel,5,3577.88,Volkswagen,Manual,Red,Partial,1,Yes
2014,15.53,2500,Diesel,4,7530.19,Chevrolet,Manual,Silver,Partial,0,No
2010,22.34,1000,Petrol,3,5854.69,Nissan,Manual,Blue,Full,0,Yes
2007,9.58,800,Diesel,4,2339.67,Toyota,Automatic,White,Partial,0,No
2012,16.42,800,Petrol,5,4465.5,BMW,Manual,Silver,Full,1,Yes
2022,16.81,5000,Diesel,4,13648.02,Chevrolet,Automatic,Red,Partial,0,Yes
2004,20.92,2000,Petrol,4,6185.12,Honda,Automatic,Blue,Partial,0,No
2013,21.07,1800,Electric,3,10512.2,Volkswagen,Manual,Blue,Partial,0,Yes
2011,14.28,800,Diesel,4,4611.63,Toyota,Manual,Black,Full,1,Yes
2018,15.93,5000,Diesel,2,12577.3,Volkswagen,Manual,Silver,Full,0,Yes
2013,20.23,1200,Petrol,5,4800.93,Chevrolet,Manual,Black,Full,0,Yes
2022,14.01,2500,Petrol,5,9544.98,Nissan,Manual,White,Full,0,Yes
2020,24.03,4000,Petrol,5,12316.91,Kia,Manual,Silver,Full,0,Yes
2017,21.05,4000,Diesel,4,9994.5,Chevrolet,Automatic,Blue,None,3,Yes
2020,18.86,2000,Diesel,2,9797.62,Honda,Manual,Red,Partial,0,Yes
1999,19.95,1200,Petrol,5,3410.93,Nissan,Manual,White,None,0,Yes
2020,15.67,800,Petrol,1,7109.74,Honda,Manual,Black,Partial,0,No
2015,14.87,1200,Petrol,3,7242.06,Ford,Automatic,Black,Full,1,Yes
2017,15.88,5000,Diesel,1,12971.93,Kia,Automatic,Gray,Full,0,Yes
2003,20.5,1000,Petrol,1,5564.77,Toyota,Manual,White,Full,0,Yes
2006,19.01,1800,Electric,5,8269.56,BMW,Manual,Silver,Partial,0,No
2015,15.89,3000,Petrol,1,8321.86,Tesla,Manual,White,Full,0,No
1995,21.75,1800,Diesel,1,5732.96,Tesla,Automatic,Silver,Full,1,No
2020,17.13,800,Diesel,2,5271.26,Hyundai,Manual,White,None,1,Yes
2020,14.53,1200,Petrol,3,7029.55,Chevrolet,Automatic,Gray,Full,0,Yes
1995,19.27,1800,Diesel,4,4205.85,Hyundai,Automatic,Gray,Partial,0,Yes
2009,12.93,2500,Petrol,5,6727.62,BMW,Manual,White,Full,0,Yes
1996,9.56,1800,Diesel,5,2773.44,Kia,Automatic,Blue,None,1,Yes
2016,17.97,5000,Diesel,1,15533.48,Tesla,Automatic,Silver,Partial,0,Yes
2010,14.71,1800,Petrol,4,3953.36,Nissan,Automatic,White,Full,1,No
2019,16.73,2500,Diesel,4,7988.38,Toyota,Automatic,Black,None,1,Yes
2002,13.17,3000,Diesel,4,6829.18,Ford,Manual,Black,Partial,1,Yes
2007,24.04,3000,Diesel,5,8477.88,BMW,Manual,Gray,None,0,Yes
2015,14.69,2500,Petrol,5,6089.63,Hyundai,Manual,Silver,None,2,Yes
1995,15.84,1200,Petrol,2,4537.03,Toyota,Manual,White,Full,1,Yes
2010,19.89,1000,Petrol,5,2823.02,Volkswagen,Manual,Silver,Full,1,Yes
2023,11.12,800,Electric,5,7078.82,Tesla,Automatic,White,Partial,0,No
2001,10.75,2000,Electric,2,8251.14,Honda,Manual,Blue,Partial,0,Yes
1999,19.9,4000,Petrol,5,7418.76,Hyundai,Manual,Red,None,0,Yes
2016,15.78,1200,Petrol,1,8247.5,Volkswagen,Automatic,Black,Full,0,Yes
2023,13.49,1800,Diesel,1,9561.19,Ford,Automatic,Gray,Full,1,Yes
2017,21.02,4000,Diesel,2,11034.3,Hyundai,Automatic,Silver,Partial,0,No
1997,13.94,4000,Diesel,2,8881.28,Volkswagen,Manual,Black,Full,1,No
2006,16.63,2500,Petrol,1,8096.09,Kia,Manual,White,Full,1,Yes
2020,13.52,1500,Petrol,4,7100.07,Hyundai,Manual,Black,Full,0,Yes
2010,19.52,1000,Petrol,5,5043.87,Tesla,Automatic,White,Full,1,Yes
2013,24.66,1000,Petrol,3,6066.57,Hyundai,Automatic,Silver,Partial,0,Yes
1999,8.69,1500,Diesel,3,4032.43,Volkswagen,Manual,Gray,Full,0,No
2016,18.56,800,Diesel,2,6570.83,Ford,Automatic,Gray,Full,1,Yes
2019,22.28,1500,Diesel,3,8580.99,Toyota,Automatic,Red,Partial,0,Yes
2023,15.89,2000,Petrol,4,9246.79,BMW,Manual,Blue,None,1,No
2008,12.34,2000,Diesel,3,5484.88,Chevrolet,Automatic,Blue,Full,1,Yes
2022,20.1,2500,Diesel,1,11403.23,Ford,Manual,Black,Partial,0,Yes
1999,23.01,1800,Petrol,2,5368.57,Nissan,Manual,Silver,Full,0,Yes
2009,22.45,4000,Diesel,3,9480.17,Tesla,Automatic,Silver,None,3,Yes
2011,19.83,1000,Diesel,5,4421.83,Honda,Automatic,Gray,None,0,Yes
2008,18.49,1000,Diesel,2,5308.57,Volkswagen,Automatic,Blue,Full,2,Yes
2014,13.5,1500,Petrol,4,5834.67,Ford,Manual,White,Partial,0,Yes
1999,22.33,1500,Diesel,1,4551.44,Kia,Manual,Blue,Full,0,Yes
2006,22.05,1500,Electric,3,9259.0,Chevrolet,Manual,Gray,None,0,Yes
2010,12.31,800,Diesel,1,4930.48,Hyundai,Automatic,Black,Full,1,Yes
2020,19.82,1500,Diesel,4,5136.96,Nissan,Manual,Blue,Partial,0,Yes
2020,21.26,1800,Petrol,3,8551.99,Hyundai,Manual,White,Partial,1,Yes
2010,22.41,4000,Diesel,2,12003.5,Toyota,Manual,Gray,Full,1,Yes
2015,17.63,1200,Diesel,2,7629.82,BMW,Manual,Black,Full,1,Yes
2001,13.71,1200,Diesel,5,2494.51,Toyota,Manual,White,Full,1,No
1998,15.49,1800,Petrol,4,3230.8,Volkswagen,Automatic,Red,Partial,0,Yes
1995,12.96,5000,Electric,3,12076.51,Volkswagen,Manual,Black,Partial,0,No
1999,17.74,2000,Diesel,1,5452.02,Hyundai,Automatic,White,None,1,Yes
2017,16.77,1200,Electric,1,10218.3,Hyundai,Manual,Blue,Partial,0,Yes
2020,28.73,800,Diesel,3,10117.69,Hyundai,Manual,Red,Partial,1,Yes
2004,22.47,5000,Diesel,4,11683.89,Chevrolet,Manual,White,Full,1,No
2016,22.85,3000,Diesel,4,8861.73,Kia,Automatic,Gray,Partial,1,Yes
1999,20.36,800,Diesel,1,5077.92,Honda,Automatic,Blue,Full,0,Yes
1998,16.16,1000,Petrol,3,4633.8,Nissan,Automatic,Red,Full,0,Yes
1996,16.62,1200,Petrol,3,3562.64,Ford,Automatic,Silver,Partial,1,Yes
2014,17.08,2000,Diesel,1,6959.04,Hyundai,Manual,Silver,Full,0,Yes
2004,18.94,1500,Electric,3,8367.16,Chevrolet,Manual,Red,Full,0,No
2020,19.95,1500,Diesel,3,7316.27,Honda,Manual,White,None,0,Yes
2013,18.0,4000,Petrol,2,10304.22,BMW,Manual,White,Partial,0,Yes
2020,16.55,2000,Petrol,2,7716.65,Toyota,Manual,Black,Full,0,Yes
1995,15.03,1000,Diesel,5,1000.0,Chevrolet,Manual,White,Full,1,Yes
2018,11.04,2500,Diesel,5,6108.29,Honda,Manual,White,None,0,Yes
1999,24.42,1200,Electric,4,7743.74,Tesla,Manual,Silver,Full,0,No
2007,29.03,4000,Diesel,2,11926.34,Nissan,Manual,Silver,None,0,Yes
1998,24.0,2000,Petrol,2,8114.07,Toyota,Automatic,White,Full,0,Yes
2010,11.7,3000,Diesel,2,7326.93,Honda,Manual,Blue,Partial,0,Yes
2018,21.94,800,Diesel,2,6155.3,Tesla,Manual,Silver,Full,0,Yes
2010,23.12,1000,Diesel,4,6066.37,Hyundai,Automatic,Gray,Partial,0,No
2017,15.98,2000,Petrol,1,6897.7,Hyundai,Automatic,Gray,Partial,1,Yes
1996,20.44,1200,Petrol,4,1069.5,Chevrolet,Automatic,Gray,Partial,2,No
2011,15.72,800,Diesel,1,6488.39,BMW,Manual,White,Partial,0,Yes
2022,25.64,2000,Petrol,5,7364.0,Volkswagen,Automatic,Silver,Full,0,No
2021,19.83,1800,Petrol,2,7952.98,Ford,Manual,White,None,0,Yes
2014,13.41,4000,Petrol,1,11255.99,Tesla,Manual,Red,Full,0,No
2018,21.35,2000,Electric,4,10744.59,Ford,Automatic,Silver,Full,0,Yes
2006,23.29,1800,Petrol,1,7036.06,Tesla,Manual,White,Full,0,Yes
2012,18.99,800,Diesel,3,3888.18,Toyota,Manual,Silver,Full,0,Yes
1997,20.4,800,Diesel,5,1565.97,Nissan,Automatic,Blue,Full,1,Yes
2022,17.65,800,Diesel,5,5032.71,Nissan,Automatic,Red,Partial,1,Yes
1995,12.33,2500,Diesel,2,4480.59,Chevrolet,Automatic,White,Partial,1,Yes
1995,17.24,2000,Petrol,2,5333.46,Toyota,Automatic,Red,Full,1,Yes
2023,20.62,1800,Petrol,4,8358.32,Honda,Automatic,White,None,1,Yes
2013,17.36,1500,Petrol,1,6977.46,Toyota,Manual,Red,Full,0,Yes
2005,22.0,3000,Diesel,3,7928.72,Nissan,Manual,Red,None,0,Yes
1999,16.04,3000,Electric,5,9972.33,Ford,Manual,Black,Full,1,No
2006,16.37,1800,Electric,1,9838.83,Volkswagen,Manual,White,Full,0,Yes
1997,22.16,1500,Diesel,3,5820.24,Toyota,Automatic,Silver,Partial,0,Yes
1995,19.11,1000,Electric,1,6384.48,Ford,Manual,Silver,Partial,0,Yes
1995,15.94,2500,Electric,2,8121.27,Honda,Automatic,Silver,Partial,0,Yes
2002,23.17,1800,Diesel,5,4362.67,Hyundai,Automatic,Red,Partial,1,Yes
2004,14.56,1200,Petrol,3,4443.54,Chevrolet,Manual,Blue,Partial,0,Yes
2005,14.37,4000,Petrol,2,9362.64,Kia,Manual,Silver,None,0,Yes
2006,5.0,4000,Electric,4,10453.62,Nissan,Manual,Gray,Full,0,Yes
2023,15.23,5000,Diesel,4,9842.1,Hyundai,Manual,Red,Full,0,Yes
2007,24.54,3000,Diesel,2,8010.1,Ford,Manual,Gray,None,0,Yes
2006,7.64,800,Petrol,3,3179.14,Chevrolet,Automatic,Gray,Full,0,Yes
2008,13.24,1200,Petrol,3,6357.67,Volkswagen,Manual,Silver,Full,2,No
1996,20.2,1000,Petrol,5,1719.97,Honda,Manual,Black,Full,0,Yes
2023,6.78,1500,Petrol,2,9143.69,Kia,Manual,Red,Partial,1,Yes
2013,15.45,1000,Electric,4,6371.4,Hyundai,Manual,White,Partial,0,No
2012,23.7,3000,Petrol,2,9789.46,Volkswagen,Automatic,Red,Full,1,Yes
1997,28.22,800,Diesel,1,4875.64,Tesla,Automatic,Gray,Full,0,Yes
2017,19.45,1500,Petrol,3,6539.85,Volkswagen,Manual,Black,Full,1,Yes
2011,13.37,1800,Petrol,1,7755.73,Chevrolet,Automatic,White,Full,0,Yes
2020,13.2,5000,Petrol,4,11408.12,Hyundai,Manual,Silver,Full,0,Yes
2002,18.72,1500,Electric,3,6191.38,BMW,Manual,Red,Partial,2,Yes
2023,19.4,3000,Diesel,4,7717.82,Tesla,Manual,Black,Full,0,Yes
2020,27.29,1000,Diesel,4,6113.58,Honda,Manual,White,Full,0,Yes
2004,22.85,4000,Electric,4,12375.22,Toyota,Manual,Gray,Full,0,Yes
2020,18.42,1000,Electric,5,8408.9,Ford,Automatic,Blue,None,0,Yes
1996,16.32,1000,Petrol,4,3294.1,Chevrolet,Manual,Red,Full,0,Yes
2013,33.07,1000,Petrol,4,6671.08,Toyota,Automatic,Gray,Full,0,Yes
2003,21.13,5000,Petrol,1,11664.22,Hyundai,Manual,Red,Full,0,No
2001,14.66,3000,Petrol,1,8818.84,Hyundai,Automatic,Gray,Full,0,Yes
1998,16.88,1200,Petrol,1,4238.43,Ford,Automatic,Silver,Partial,2,Yes
2020,13.61,5000,Petrol,3,13992.57,Toyota,Manual,Blue,None,0,Yes
2015,5.98,5000,Petrol,5,10046.75,Hyundai,Manual,Silver,Full,1,Yes
2012,19.56,3000,Diesel,3,7604.75,Tesla,Automatic,Blue,Partial,0,Yes
2007,26.91,2500,Diesel,5,5724.11,Volkswagen,Manual,White,None,0,Yes
2005,9.85,5000,Petrol,5,6891.58,Kia,Manual,White,None,1,Yes
2023,18.28,1500,Diesel,2,8330.01,Toyota,Automatic,Gray,Partial,0,No
2018,14.47,2500,Diesel,2,6956.0,Hyundai,Automatic,Red,Full,0,Yes
1998,20.61,3000,Petrol,2,8842.11,Honda,Automatic,Red,Partial,0,Yes
2019,17.14,2000,Diesel,5,9045.59,Toyota,Automatic,Gray,Partial,0,Yes
2015,11.2,2000,Petrol,5,3891.99,Ford,Manual,White,Partial,0,Yes
2023,13.09,1200,Petrol,3,6972.52,Nissan,Manual,Blue,None,0,No
2019,13.85,1800,Diesel,5,4149.78,Hyundai,Automatic,Silver,Partial,2,Yes
1998,24.72,5000,Petrol,4,10277.35,Volkswagen,Manual,White,Full,1,Yes
2004,24.47,1000,Petrol,4,5379.42,Chevrolet,Manual,White,Partial,0,Yes
1999,16.44,1800,Petrol,5,3420.53,Kia,Automatic,Black,Full,0,Yes
2003,24.14,1800,Electric,4,8745.76,Volkswagen,Manual,Red,Full,0,Yes
2018,17.13,2500,Diesel,5,6746.52,Kia,Automatic,Blue,Partial,2,Yes
1997,16.37,1500,Diesel,2,4207.8,BMW,Manual,Silver,Full,0,Yes
2011,18.29,2000,Diesel,5,6458.12,Chevrolet,Manual,Black,Full,0,Yes
1997,19.42,4000,Diesel,2,8093.82,Honda,Automatic,Black,Full,1,Yes
2010,15.22,1500,Petrol,1,7701.61,Honda,Automatic,Gray,None,1,Yes
1998,18.11,2000,Electric,4,6584.88,Kia,Manual,White,Full,1,Yes
2012,21.94,4000,Diesel,1,11013.72,Hyundai,Automatic,Red,Full,1,Yes
2011,18.65,5000,Petrol,4,8723.34,Kia,Manual,White,None,0,Yes
2001,18.21,800,Diesel,1,6757.5,Honda,Manual,Black,Partial,0,Yes
2018,20.47,3000,Diesel,5,6565.7,Honda,Manual,Black,Full,2,Yes
2017,21.33,800,Petrol,1,8323.39,Toyota,Manual,Silver,Partial,0,Yes
1999,17.69,1500,Petrol,4,4049.23,Honda,Manual,White,Full,1,Yes
2006,15.63,1200,Petrol,3,4469.87,Nissan,Automatic,White,Partial,0,Yes
2011,18.95,1500,Diesel,4,4683.53,Chevrolet,Automatic,Blue,Full,0,Yes
2017,10.03,2500,Petrol,3,6941.66,Honda,Automatic,Silver,Full,2,Yes
2007,16.95,4000,Petrol,5,7592.31,Ford,Automatic,Red,Full,1,Yes
2017,5.64,4000,Petrol,4,8103.28,Kia,Automatic,White,Full,1,Yes
2019,9.62,5000,Diesel,1,10279.13,Kia,Manual,White,Partial,1,No
1997,8.87,800,Electric,5,4297.29,Nissan,Manual,Red,Partial,1,No
2003,23.24,5000,Diesel,4,10792.44,Volkswagen,Manual,Silver,None,1,No
2011,18.07,800,Petrol,5,3570.45,Honda,Manual,White,Partial,2,Yes
2011,11.69,4000,Diesel,3,8908.49,Chevrolet,Manual,Red,Full,2,Yes
2014,20.46,1500,Diesel,5,6281.85,Toyota,Automatic,Blue,Partial,0,No
2010,22.94,1200,Diesel,1,5571.67,Kia,Automatic,White,Partial,0,No
2019,20.54,4000,Diesel,4,9097.06,Volkswagen,Manual,Red,None,0,No
2016,17.06,1800,Petrol,3,7056.08,Tesla,Automatic,Black,Partial,1,Yes
2007,19.16,2000,Petrol,5,4921.31,Kia,Manual,White,Full,1,Yes
2021,22.51,800,Petrol,2,7025.16,Kia,Manual,Blue,Full,0,Yes
2013,15.65,800,Electric,3,8532.75,Kia,Manual,Red,Partial,0,Yes
2011,18.15,2500,Diesel,3,7082.63,Tesla,Manual,Red,Full,0,No
1998,16.71,5000,Diesel,1,10547.4,Honda,Manual,White,Full,1,Yes
2006,9.93,3000,Diesel,1,9266.69,Volkswagen,Automatic,Black,Partial,2,Yes
2023,22.58,3000,Diesel,5,11659.71,Nissan,Automatic,Red,Full,1,Yes
2003,28.29,2500,Petrol,2,8859.46,Tesla,Manual,Red,Full,1,Yes
2013,13.63,4000,Petrol,3,7104.15,Honda,Manual,Black,Full,0,Yes
2006,22.81,800,Electric,5,7368.98,Tesla,Automatic,Blue,Partial,1,Yes
2003,13.79,1000,Electric,2,8559.75,Toyota,Automatic,White,Partial,0,Yes
2001,18.66,1200,Diesel,5,3356.6,Kia,Manual,Gray,Full,0,Yes
2022,25.54,1800,Diesel,3,8298.86,Kia,Manual,White,Full,0,No
2008,15.4,1500,Petrol,5,3787.71,Volkswagen,Automatic,White,Full,0,No
2014,17.93,1500,Petrol,1,8630.78,Volkswagen,Automatic,Silver,None,0,Yes
2013,8.99,3000,Petrol,1,7897.17,Hyundai,Automatic,White,Full,0,Yes
2020,14.68,3000,Diesel,4,7709.37,Toyota,Manual,Gray,None,0,No
2009,8.47,2500,Diesel,2,5863.16,Toyota,Automatic,Black,None,1,Yes
2010,20.15,800,Diesel,3,5075.27,Chevrolet,Manual,White,Full,1,No
2015,22.16,5000,Petrol,2,12586.52,BMW,Automatic,Gray,Partial,1,Yes
1999,16.89,1500,Petrol,1,3416.18,Volkswagen,Manual,Blue,Full,2,No
1997,19.43,800,Electric,3,5553.0,Ford,Automatic,Silver,None,1,Yes
2006,16.37,1800,Petrol,4,6861.54,Kia,Manual,Black,Partial,0,Yes
2019,21.7,1200,Diesel,1,8341.11,Volkswagen,Automatic,Black,Partial,0,Yes
2014,18.65,1200,Diesel,1,7649.48,BMW,Automatic,Blue,Partial,0,Yes
2021,8.07,1500,Diesel,2,5348.18,Hyundai,Automatic,White,Full,0,Yes
2015,22.7,1000,Electric,5,9038.97,Hyundai,Automatic,Gray,Full,0,Yes
1998,16.05,2500,Petrol,2,7281.61,Hyundai,Manual,Silver,Partial,1,Yes
2015,11.65,1500,Diesel,1,7115.79,Honda,Automatic,Gray,Full,1,Yes
2017,15.81,1800,Petrol,2,6340.46,Honda,Manual,Silver,Full,1,Yes
2010,8.49,1000,Petrol,5,3559.25,Toyota,Automatic,Silver,Partial,1,Yes
2019,11.75,2000,Petrol,4,7471.68,Toyota,Automatic,Black,None,1,Yes
2001,18.71,4000,Petrol,3,7595.33,BMW,Manual,Blue,None,1,Yes
2007,19.13,3000,Electric,1,12814.84,Ford,Automatic,Black,None,0,Yes
2015,19.53,3000,Diesel,2,9945.05,BMW,Manual,White,Partial,1,Yes
2004,18.02,1000,Petrol,1,3169.18,Kia,Manual,Red,None,2,Yes
2020,14.54,1500,Petrol,3,6306.3,Toyota,Manual,Silver,Partial,3,Yes
2001,17.73,3000,Petrol,2,6841.02,Tesla,Manual,Silver,Full,0,No
2008,15.81,800,Diesel,4,3640.63,Tesla,Manual,Silver,Full,0,Yes
2020,9.87,3000,Diesel,3,8580.08,Chevrolet,Manual,Black,None,0,Yes
1999,14.14,1200,Diesel,5,3035.91,BMW,Manual,Silver,Partial,1,Yes
1997,22.45,3000,Petrol,5,6468.08,Tesla,Automatic,Silver,Partial,0,Yes
2017,25.94,2000,Petrol,1,11178.56,Volkswagen,Manual,Red,Full,0,No
2023,21.26,2500,Petrol,5,8989.49,Hyundai,Manual,Blue,Full,0,No
2005,25.72,1000,Diesel,2,7212.6,Kia,Manual,White,None,2,Yes
2005,18.43,800,Petrol,5,3992.34,Nissan,Automatic,Gray,Partial,1,Yes
2012,26.71,2000,Petrol,4,8632.24,Tesla,Automatic,Black,None,2,Yes
2009,28.27,1200,Petrol,2,8538.79,Hyundai,Manual,White,Full,2,Yes
2006,9.33,1500,Diesel,1,4832.16,BMW,Automatic,Blue,Full,0,Yes
2003,19.11,4000,Petrol,1,9562.18,Tesla,Manual,White,Full,0,Yes
2004,18.43,1200,Diesel,5,1411.89,Ford,Manual,Black,Full,1,Yes
2020,15.88,1000,Diesel,5,6410.57,Kia,Manual,Red,Full,2,Yes
2006,20.46,1000,Diesel,1,6780.13,Volkswagen,Automatic,White,Partial,0,Yes
2011,18.21,1000,Petrol,2,5879.32,Kia,Manual,Blue,Full,1,Yes
2023,14.32,2000,Petrol,3,8865.19,Volkswagen,Automatic,Black,None,1,Yes
2000,17.87,1000,Diesel,1,5612.87,Tesla,Automatic,Blue,None,0,Yes
2001,24.02,2500,Petrol,4,6201.97,Volkswagen,Manual,Gray,Full,1,Yes
2008,18.91,2500,Petrol,2,8049.6,Nissan,Manual,White,Partial,0,Yes
2007,21.13,2500,Petrol,3,7221.94,Volkswagen,Manual,Black,Partial,0,Yes
2002,16.61,1000,Petrol,3,3594.75,Tesla,Automatic,White,Full,1,Yes
2004,20.26,2500,Petrol,2,6501.98,Volkswagen,Automatic,Gray,None,1,Yes
2003,11.95,5000,Diesel,1,8881.11,Chevrolet,Automatic,Silver,Full,0,Yes
2012,15.5,3000,Petrol,3,6776.21,Chevrolet,Automatic,Black,Partial,0,Yes
2021,17.49,3000,Petrol,4,9076.85,BMW,Manual,Gray,Full,1,Yes
2020,11.62,1000,Petrol,2,5173.23,Toyota,Automatic,White,None,0,Yes
1996,13.85,1800,Diesel,5,1717.39,Chevrolet,Manual,Black,Partial,0,Yes
1999,19.57,2000,Diesel,1,5278.92,Tesla,Manual,Red,None,1,Yes
2023,18.65,4000,Petrol,2,11806.39,Volkswagen,Manual,Gray,Full,1,Yes
1999,22.03,2000,Diesel,4,6024.41,Toyota,Manual,Silver,Full,0,Yes
2000,15.0,5000,Petrol,3,7064.19,Volkswagen,Manual,Blue,Full,0,Yes
2013,18.29,2000,Diesel,1,8092.2,Chevrolet,Manual,White,None,0,Yes
2002,14.64,5000,Diesel,1,9532.44,Chevrolet,Manual,Blue,Full,0,No
2010,21.53,5000,Diesel,2,11937.62,Ford,Manual,White,Full,1,Yes
2007,23.95,2000,Diesel,2,6702.79,Toyota,Manual,Black,Full,0,Yes
1995,20.42,4000,Petrol,4,6914.83,Chevrolet,Manual,Blue,Full,0,No
2016,23.31,5000,Diesel,5,10052.79,Nissan,Automatic,Silver,None,0,No
2014,18.16,2500,Petrol,2,8840.12,Tesla,Automatic,White,Full,0,No
2011,22.03,800,Electric,2,8955.62,Kia,Manual,Blue,Partial,0,Yes
2001,18.38,800,Petrol,2,4109.85,Chevrolet,Manual,White,Full,0,No
2019,12.88,1500,Petrol,4,7012.14,Volkswagen,Automatic,Red,Full,0,No
2007,19.23,1000,Petrol,3,3348.39,Tesla,Manual,Red,Full,1,No
1998,13.02,1200,Petrol,5,1000.0,Hyundai,Manual,Blue,Partial,2,Yes
1998,29.7,2500,Diesel,4,8074.21,BMW,Automatic,Red,Full,0,Yes
2000,16.33,2500,Petrol,2,6654.42,BMW,Manual,Silver,Full,0,Yes
2022,21.23,1200,Petrol,3,5622.42,BMW,Automatic,Blue,Full,0,Yes
2013,17.94,1000,Petrol,2,5822.15,Honda,Manual,Black,Partial,0,No
2023,11.83,800,Diesel,4,6536.45,Nissan,Automatic,Blue,Full,0,Yes
2006,8.51,4000,Petrol,1,10904.08,Nissan,Manual,Black,None,0,Yes
2016,21.75,5000,Petrol,2,14467.37,Chevrolet,Automatic,Red,Full,0,Yes
2001,25.75,1200,Diesel,3,4483.98,Tesla,Automatic,Blue,None,1,Yes
2021,14.33,4000,Petrol,5,9643.39,Chevrolet,Manual,Silver,Partial,0,Yes
2004,9.72,1500,Petrol,1,3099.63,Nissan,Automatic,Red,Partial,0,Yes
2020,16.37,5000,Diesel,2,12968.13,Tesla,Automatic,Gray,Full,1,Yes
2013,13.31,2000,Petrol,2,7151.71,Volkswagen,Manual,Red,Full,0,Yes
2001,14.75,2500,Petrol,3,6477.22,Tesla,Automatic,Red,Partial,1,Yes
1997,21.05,5000,Diesel,1,8274.82,Hyundai,Manual,Black,Partial,0,Yes
2007,17.75,2000,Petrol,1,6155.79,BMW,Manual,Black,Partial,0,Yes
2007,13.85,800,Petrol,1,4586.9,Hyundai,Manual,Silver,Full,2,Yes
2012,20.94,2000,Diesel,2,8589.11,Toyota,Automatic,Black,Full,1,Yes
2022,21.33,2000,Electric,1,12358.96,Hyundai,Automatic,Gray,Partial,0,Yes
2020,16.31,1800,Diesel,2,10414.88,Kia,Automatic,White,Full,0,Yes
2014,18.69,1200,Petrol,2,5462.25,Volkswagen,Manual,White,None,0,Yes
2022,20.6,5000,Petrol,1,13679.95,Volkswagen,Automatic,Blue,None,0,Yes
2002,20.13,1200,Diesel,4,2824.75,Nissan,Manual,Gray,Full,1,Yes
2023,18.2,5000,Petrol,5,11829.01,Ford,Manual,Gray,Partial,0,Yes
2003,25.16,2500,Petrol,5,6594.05,Tesla,Manual,Gray,Partial,0,Yes
2001,20.91,3000,Diesel,4,6741.34,Tesla,Automatic,Red,Full,0,Yes
1995,15.75,1200,Petrol,1,2976.33,Volkswagen,Automatic,White,Full,1,Yes
1997,15.78,1200,Petrol,2,4865.11,Toyota,Manual,Black,Full,0,Yes
2007,15.21,2500,Petrol,3,7906.31,Hyundai,Automatic,Silver,Full,1,Yes
2022,21.16,5000,Diesel,4,12039.48,Hyundai,Manual,Black,None,0,Yes
2019,14.89,2500,Petrol,5,10373.44,Chevrolet,Manual,Red,Partial,2,Yes
2022,15.88,4000,Petrol,5,9000.02,Tesla,Manual,Red,Full,0,No
2011,23.29,2000,Petrol,2,7884.08,Chevrolet,Manual,White,Partial,0,No
2019,18.96,2500,Diesel,5,7814.98,Kia,Manual,White,None,0,No
2018,23.99,5000,Diesel,5,10854.83,BMW,Automatic,Black,Full,1,No
1995,21.99,800,Petrol,2,3688.31,Volkswagen,Manual,Blue,Partial,1,Yes
2000,12.12,2500,Diesel,1,5983.25,Honda,Manual,Black,None,0,Yes
2015,17.49,1000,Petrol,5,5168.81,Kia,Automatic,Gray,None,0,Yes
2000,22.95,2500,Petrol,1,7403.05,Nissan,Manual,White,Partial,0,Yes
2020,11.89,1200,Diesel,3,6926.71,Kia,Manual,Gray,None,0,Yes
2006,20.1,4000,Diesel,1,10814.76,BMW,Manual,Blue,Full,0,Yes
2007,17.8,1800,Petrol,2,5295.86,Ford,Manual,Gray,Full,0,No
2007,9.23,2500,Diesel,2,6006.35,Ford,Manual,Blue,Full,2,No
2023,18.6,3000,Petrol,2,9765.07,Honda,Manual,White,Full,0,Yes
2009,13.81,1000,Electric,5,8074.7,Ford,Manual,Black,Full,1,Yes
2015,12.16,800,Diesel,4,5264.72,BMW,Manual,Silver,None,0,Yes
2010,18.05,2500,Electric,5,9645.62,Nissan,Automatic,White,None,0,Yes
2016,8.35,2000,Petrol,1,7836.4,BMW,Manual,Black,Full,1,No
2015,14.63,2000,Petrol,3,6790.85,Nissan,Manual,Silver,None,3,No
2005,30.76,1000,Diesel,3,5994.23,Chevrolet,Automatic,Gray,Full,0,Yes
2022,21.25,1200,Diesel,3,6802.36,BMW,Automatic,Red,Full,2,No
1999,13.59,1500,Diesel,3,2967.88,Volkswagen,Manual,Red,Partial,1,Yes
1998,25.02,1200,Petrol,4,4519.49,Tesla,Automatic,Red,Full,0,Yes
1997,13.04,1000,Diesel,3,1437.78,Toyota,Automatic,Silver,Full,0,Yes
2013,15.23,1200,Diesel,5,3774.5,Nissan,Manual,Blue,None,0,Yes
2014,12.26,2000,Diesel,3,6243.89,Toyota,Automatic,Red,Partial,0,Yes
2019,19.28,4000,Petrol,2,10053.96,Kia,Manual,Red,Partial,2,Yes
2012,24.84,1500,Diesel,1,8932.09,BMW,Manual,Blue,None,0,Yes
2009,13.0,2000,Diesel,5,5468.79,Nissan,Automatic,Silver,None,0,No
2003,7.7,800,Petrol,4,2402.24,Kia,Automatic,Silver,Full,1,Yes
2011,23.45,2000,Electric,5,8975.16,Volkswagen,Manual,Blue,Full,0,Yes
2008,25.77,1200,Petrol,2,7666.25,Nissan,Manual,White,Full,0,Yes
2009,8.02,4000,Diesel,3,8621.88,Hyundai,Manual,Blue,Full,0,Yes
1995,20.3,1500,Diesel,3,4823.72,Tesla,Manual,Black,None,1,Yes
2015,19.13,2500,Petrol,4,8741.83,Honda,Manual,Black,None,2,Yes
2016,14.06,1500,Diesel,1,6760.23,Tesla,Automatic,White,Full,0,Yes
2016,11.03,2000,Diesel,3,5737.87,Tesla,Manual,Gray,None,0,Yes
1997,22.96,2500,Diesel,4,4450.45,Honda,Manual,White,Full,0,Yes
2010,18.9,1000,Petrol,3,5227.71,Chevrolet,Manual,Black,Partial,0,Yes
2017,19.27,5000,Petrol,5,8539.19,Tesla,Manual,Blue,Full,0,Yes
2019,14.89,2000,Diesel,4,5965.73,Chevrolet,Manual,Silver,Full,1,Yes
2005,13.99,3000,Petrol,4,5634.13,Kia,Manual,Black,Partial,0,Yes
2006,5.73,2000,Petrol,4,3366.8,Ford,Automatic,Blue,Partial,0,Yes
2004,16.86,1000,Petrol,3,4619.71,Ford,Manual,Gray,Full,0,Yes
2010,25.19,1500,Petrol,4,4739.54,Tesla,Manual,Black,None,0,Yes
2002,13.55,800,Diesel,5,1000.0,BMW,Manual,Silver,None,0,Yes
2000,10.39,2500,Diesel,1,4221.73,Nissan,Manual,Gray,Full,0,Yes
2006,20.18,3000,Diesel,1,9246.71,Tesla,Manual,Black,Partial,1,Yes
2018,21.1,5000,Diesel,2,12550.25,Nissan,Automatic,Black,Full,1,Yes
2022,15.07,1000,Diesel,5,4891.26,Kia,Automatic,Silver,Full,0,Yes
2015,16.26,5000,Petrol,5,12344.47,Ford,Manual,Red,None,1,Yes
2002,19.32,1800,Diesel,4,5155.99,Nissan,Automatic,Black,Full,0,Yes
2020,17.22,3000,Petrol,2,9237.33,Honda,Automatic,Black,None,0,Yes
2022,23.0,3000,Diesel,5,8072.85,Toyota,Manual,Black,Full,0,No
1998,30.19,1800,Petrol,5,6803.85,BMW,Manual,White,Full,0,Yes
2020,9.45,3000,Petrol,5,7772.9,Tesla,Manual,White,None,1,Yes
2002,24.15,2000,Petrol,3,5662.55,BMW,Manual,Silver,Full,0,No
2020,18.53,1800,Petrol,5,7019.72,Tesla,Manual,Blue,Partial,1,Yes
2022,24.94,1500,Petrol,3,8026.08,Tesla,Automatic,Gray,Partial,3,Yes
2012,21.62,1800,Petrol,5,6503.23,Toyota,Manual,White,Full,0,Yes
2022,18.31,1500,Petrol,1,6951.45,Kia,Manual,Silver,Partial,0,Yes
2022,21.8,800,Petrol,3,6614.25,Nissan,Manual,White,Full,1,Yes
1999,16.03,1200,Petrol,3,2416.85,Tesla,Manual,Gray,Partial,0,Yes
2003,14.13,3000,Petrol,4,5966.47,Tesla,Automatic,Blue,Partial,2,No
1998,22.05,2500,Diesel,5,4040.56,Toyota,Automatic,White,Full,0,Yes
2021,13.78,2500,Diesel,2,8354.44,Tesla,Automatic,Red,Partial,0,Yes
2016,21.21,1200,Electric,2,9595.14,Volkswagen,Automatic,Blue,None,0,Yes
2011,18.15,4000,Diesel,2,10486.61,Kia,Manual,Blue,Partial,1,Yes
2003,6.35,2000,Diesel,2,4230.25,Chevrolet,Automatic,White,Full,1,No
1995,15.13,3000,Diesel,1,5450.48,Kia,Manual,Gray,Partial,0,Yes
2015,19.67,3000,Petrol,2,9923.61,Hyundai,Manual,White,Partial,0,Yes
2014,15.97,1200,Diesel,4,7302.08,Toyota,Manual,Black,Partial,0,Yes
2007,5.27,1500,Petrol,2,3974.54,Honda,Manual,Black,Partial,0,Yes
2022,24.6,2000,Diesel,4,9954.95,Nissan,Manual,Blue,Partial,0,Yes
2010,18.85,1000,Diesel,3,3615.46,Honda,Automatic,Black,Partial,1,Yes
2023,20.22,2500,Diesel,5,7763.35,Volkswagen,Automatic,Black,None,0,Yes
2007,15.63,1000,Petrol,2,6121.12,Kia,Manual,Black,Partial,0,Yes
2008,20.66,1800,Electric,4,8997.56,Ford,Manual,Gray,Full,1,Yes
1997,27.17,1500,Electric,4,6743.19,Ford,Manual,Red,Full,0,Yes
2023,14.32,4000,Petrol,5,10904.52,Nissan,Manual,Black,Full,0,Yes
2000,26.34,1000,Diesel,3,3524.54,Nissan,Automatic,Gray,Full,0,Yes
2012,19.99,2500,Petrol,2,8414.33,Honda,Manual,Black,Full,0,Yes
2013,13.65,2500,Petrol,4,7674.77,Chevrolet,Automatic,Red,None,1,Yes
1999,29.06,2500,Petrol,2,7852.07,Toyota,Manual,White,Partial,0,Yes
2009,19.96,800,Diesel,1,8354.45,Toyota,Manual,Blue,Full,1,Yes
2019,21.38,3000,Petrol,4,8750.97,Nissan,Automatic,Silver,Full,0,Yes
1996,16.65,1000,Petrol,3,3492.69,Ford,Manual,White,Full,0,Yes
2004,14.02,1800,Petrol,5,4761.96,Toyota,Manual,Red,Full,2,Yes
2018,18.84,1000,Petrol,4,5641.42,Ford,Automatic,Red,Partial,0,Yes
2012,25.91,1800,Petrol,1,7574.93,Volkswagen,Manual,Blue,Partial,0,No
2021,16.45,2500,Petrol,5,8935.16,Chevrolet,Manual,Black,None,1,Yes
2007,17.87,2000,Petrol,3,5588.55,Volkswagen,Automatic,Silver,Full,1,Yes
1999,25.28,1800,Petrol,2,6627.47,Chevrolet,Manual,Silver,Full,0,Yes
2017,16.5,1500,Petrol,2,7607.46,Volkswagen,Automatic,Silver,Partial,1,Yes
2018,20.55,3000,Diesel,4,9191.88,Ford,Manual,White,None,1,No
1995,22.39,3000,Electric,5,9684.22,Chevrolet,Automatic,Red,Partial,1,Yes
2016,17.02,800,Petrol,1,6878.18,Kia,Manual,Silver,Full,0,Yes
1995,19.55,5000,Petrol,1,10623.74,Honda,Manual,Gray,Full,0,Yes
2012,21.31,1000,Electric,3,9160.83,Kia,Automatic,Silver,Full,0,Yes
2009,16.0,1200,Diesel,5,4045.65,Ford,Manual,Black,None,1,Yes
2011,22.08,800,Diesel,5,4018.45,Honda,Automatic,White,Partial,1,No
2005,15.27,1200,Petrol,2,4762.34,Hyundai,Manual,Gray,Full,0,Yes
2015,14.62,5000,Petrol,3,12022.62,Hyundai,Manual,Gray,Partial,0,Yes
2020,10.36,3000,Diesel,3,9114.62,Honda,Manual,Red,Full,1,Yes
2019,15.48,1500,Diesel,3,7455.09,Ford,Automatic,Blue,Partial,0,Yes
2016,13.92,2500,Petrol,5,10496.94,Tesla,Automatic,Black,Full,1,Yes
2021,16.0,2500,Petrol,2,8718.44,Hyundai,Manual,Black,None,1,Yes
2021,21.06,1800,Diesel,3,6692.41,Tesla,Automatic,Black,None,1,Yes
2011,9.37,800,Petrol,2,3965.5,Nissan,Manual,Silver,None,0,Yes
2007,8.13,5000,Diesel,3,9069.17,BMW,Automatic,Blue,Full,1,Yes
1995,14.25,1500,Petrol,5,2550.28,BMW,Manual,White,None,1,Yes
1996,20.31,2500,Petrol,2,5734.43,Kia,Manual,Red,Full,0,Yes
2003,19.44,1800,Petrol,4,5615.26,Nissan,Manual,White,None,0,Yes
1997,14.17,1000,Diesel,3,1883.6,Hyundai,Manual,Gray,Full,2,Yes
1995,23.85,3000,Petrol,5,6089.31,Hyundai,Automatic,Black,Full,1,Yes
2015,14.71,1000,Petrol,2,4461.24,Volkswagen,Automatic,Blue,None,0,Yes
2010,20.31,3000,Petrol,1,9332.21,Kia,Automatic,White,Full,1,Yes
2017,16.19,1000,Electric,5,7081.24,Ford,Manual,White,Partial,1,No
2000,13.66,1800,Electric,5,5878.06,BMW,Automatic,Black,Full,0,Yes
2022,14.97,1500,Diesel,1,6195.7,Volkswagen,Manual,Gray,Partial,0,No
2011,21.67,800,Electric,1,10206.56,Kia,Automatic,Gray,Partial,1,No
1999,19.81,3000,Petrol,4,5744.99,Tesla,Manual,Black,Partial,0,Yes
1999,22.84,5000,Electric,4,12379.61,Chevrolet,Manual,White,Full,0,Yes
2000,19.8,1200,Petrol,4,3993.45,Toyota,Automatic,Gray,None,0,Yes
1997,9.94,1500,Petrol,5,1162.41,Toyota,Manual,White,Full,0,Yes
2015,28.57,1500,Petrol,5,6335.8,Nissan,Automatic,Silver,Full,2,Yes
2017,19.88,1800,Electric,5,7768.27,Chevrolet,Manual,Blue,Full,1,Yes
1999,20.57,1200,Diesel,4,3195.0,Honda,Automatic,Black,None,1,Yes
2015,16.12,4000,Diesel,2,12125.85,Volkswagen,Manual,Red,Full,0,Yes
1999,23.57,1500,Electric,5,7100.93,Nissan,Manual,Red,None,1,Yes
2004,12.53,5000,Diesel,5,7000.54,Volkswagen,Manual,Black,None,0,Yes
2004,21.05,1500,Diesel,5,4699.55,Honda,Automatic,Gray,Full,1,No
2013,7.6,2000,Petrol,4,6542.87,Volkswagen,Manual,Blue,None,0,No
2011,21.39,3000,Diesel,3,7605.37,Volkswagen,Manual,Gray,Full,0,Yes
2015,12.6,2500,Electric,4,9696.73,Nissan,Automatic,Red,Full,0,Yes
2008,19.38,1500,Electric,3,8491.79,Kia,Manual,Silver,Partial,0,Yes
2003,24.79,1500,Petrol,4,5195.94,Hyundai,Automatic,Black,Partial,0,Yes
2008,22.11,1800,Petrol,2,7067.55,Nissan,Manual,Red,Full,0,Yes
1995,24.12,5000,Petrol,2,10676.41,Honda,Manual,Red,Partial,0,Yes
2013,23.6,1800,Petrol,5,6255.85,Kia,Manual,Gray,Full,0,Yes
2007,15.38,800,Petrol,4,4728.89,Volkswagen,Automatic,Black,Full,0,Yes
2007,20.99,3000,Diesel,3,6046.34,Ford,Manual,Blue,Partial,0,Yes
1998,9.38,5000,Diesel,3,7075.58,Ford,Automatic,Gray,Partial,0,Yes
1995,14.57,1800,Electric,2,8584.52,BMW,Automatic,Black,Full,0,Yes
2011,24.96,1200,Petrol,5,4868.32,Nissan,Automatic,White,Partial,0,Yes
2002,16.07,1200,Petrol,3,4485.33,BMW,Automatic,Red,Full,1,No
1996,8.66,1500,Petrol,4,1958.36,Toyota,Automatic,White,Partial,1,No
2022,28.07,2500,Petrol,5,10263.33,Honda,Manual,Blue,Full,2,Yes
2002,20.81,1800,Petrol,4,5310.53,Kia,Manual,White,Full,1,Yes
2001,21.82,800,Petrol,4,6006.41,Hyundai,Manual,Blue,None,0,Yes
2020,13.1,1800,Electric,2,10647.64,Nissan,Automatic,Black,Partial,0,No
2020,19.42,1800,Petrol,4,7012.76,BMW,Automatic,Silver,Full,0,Yes
1996,19.29,2000,Diesel,1,6892.65,Nissan,Automatic,Silver,None,0,No
2016,13.89,2500,Diesel,5,7396.97,Volkswagen,Manual,Black,Full,1,Yes
2016,17.15,1800,Diesel,1,7248.79,Honda,Manual,Gray,Full,0,Yes
1997,10.5,1000,Diesel,4,2583.72,Tesla,Automatic,Red,Partial,1,Yes
2021,16.27,1000,Diesel,4,6204.59,BMW,Manual,Blue,Full,1,Yes
2012,22.87,1500,Diesel,2,7281.38,Volkswagen,Automatic,White,None,0,Yes
2006,14.27,800,Diesel,2,4648.29,BMW,Manual,Silver,Full,1,Yes
1995,27.54,2500,Petrol,2,7515.58,Honda,Manual,White,Full,1,No
2016,10.82,800,Petrol,2,5488.38,Kia,Automatic,White,Full,3,Yes
2006,16.7,1200,Diesel,3,4340.23,Volkswagen,Manual,White,None,0,No
1999,14.72,5000,Petrol,2,11604.8,Chevrolet,Automatic,Gray,None,0,No
2021,17.1,2500,Diesel,4,8311.75,Toyota,Manual,Red,None,1,Yes
2019,24.86,2000,Diesel,4,9569.87,Volkswagen,Manual,Silver,Full,0,Yes
2011,13.08,2500,Petrol,5,5307.05,Kia,Automatic,White,Partial,2,No
2010,15.74,1800,Diesel,1,6143.26,Volkswagen,Automatic,White,Full,0,No
2009,21.27,3000,Diesel,3,9272.8,Honda,Automatic,Gray,Full,0,Yes
2017,18.47,2000,Diesel,3,7412.2,Chevrolet,Automatic,Silver,Full,0,Yes
2009,18.88,1500,Diesel,5,2825.3,Tesla,Automatic,Gray,Partial,1,Yes
1999,13.17,800,Diesel,5,1325.78,Tesla,Automatic,White,Full,0,No
2015,17.64,1000,Diesel,2,6774.06,Hyundai,Manual,Blue,Partial,0,Yes
2008,23.66,2000,Diesel,5,5242.57,Chevrolet,Manual,Silver,None,0,Yes
1996,9.95,1500,Petrol,3,1925.14,Chevrolet,Manual,White,Full,2,No
2005,14.51,1200,Petrol,1,5384.97,Ford,Automatic,Red,Full,0,Yes